drop database if exists DBproyectocolegio;
create database DBproyectocolegio;
use DBproyectocolegio;


CREATE TABLE users (
  id int(11) AUTO_INCREMENT,
  name varchar(50) NULL,
  password varchar(255)  NULL,
  estado int(11)  NULL,
  PRIMARY KEY (id)
);

INSERT INTO users (`id`, `name`, `password`, `estado`) VALUES (NULL, 'admin', '$2y$10$92IXUNpkjO0rOQ5byMi.Ye4oKoEa3Ro9llC/.og/at2.uheWG/igi', 1);

CREATE TABLE paises
(
	idpais               INT  AUTO_INCREMENT,
	pais                 VARCHAR(50) NOT NULL,
	estado               CHAR(1) NOT NULL,
	PRIMARY KEY (idpais)
);

insert into paises values(null,'PERU','1');
 
CREATE TABLE niveles
(
	idnivel              INT AUTO_INCREMENT,
	nivel                VARCHAR(30) NULL,
	estado               CHAR(1) NOT NULL,
	PRIMARY KEY (idnivel)
	
);

INSERT niveles VALUES(null,'INCIAL','1');
INSERT niveles VALUES(null,'PRIMARIA','1');
INSERT niveles VALUES(null,'SECUNDARIA','1');

CREATE TABLE profesores
(
	idprofesor           INT AUTO_INCREMENT ,
	profesor             VARCHAR(50) NOT NULL,
	codigoprofesor       CHAR(18) NULL,
	estado               CHAR(1) NOT NULL,
	PRIMARY KEY (idprofesor)
);

insert into profesores values(null,'SALAS PEREZ ANGIE','030301','1');
insert into profesores values(null,'SANCHEZ DIAZ CORINA','030302','1');
insert into profesores values(null,'SALOMON CONTRERAS LUIS OZUNA ','030303','1');
insert into profesores values(null,'RODRIGUEZ CORREA CARLOS ','030304','1');
insert into profesores values(null,'DIAZ PALOMINO HERNAN ','030305','1');
insert into profesores values(null,'GONZALES MENDOZA ADELI ','030306','1');
insert into profesores values(null,'HUAMAN  LOZADA JOSE CARLOS ','030306','1');

insert into profesores values(null,'ALAYO ALVARES TANIA ','020201','1');
insert into profesores values(null,'CRUZADO VASQUEZ CINTHIA ','020202','1');
insert into profesores values(null,'CASTRO DOMINGUEZ MARINA ','020203','1');
insert into profesores values(null,'RODRIGUEZ PEREZ CARLOS ','020204','1');
insert into profesores values(null,'GALLARDO SALAZAR PEDRO ','020205','1');
insert into profesores values(null,'PAREDES VELASQUEZ ALEJANDRO ','020206','1');

insert into profesores values(null,'VERA PEREZ JANETH ','010101','1');
insert into profesores values(null,'SANCHEZ CONTRERAZ CONSUELO ','010102','1');
insert into profesores values(null,'DIAZ VALDERRAMA ANA MARIA ','010103','1');


CREATE TABLE periodos
(
	idperiodo            INT AUTO_INCREMENT ,
	periodo              VARCHAR(50) NULL,
	estado               CHAR(1) NOT NULL,
	PRIMARY KEY (idperiodo)
);

insert periodos values(null,'2017',1);
insert periodos values(null,'2018',1);
insert periodos values(null,'2019',1);
insert periodos values(null,'2020',1);


CREATE TABLE departamentos
(
	iddepartamento       INT AUTO_INCREMENT ,
	departamento         VARCHAR(50) NULL,
	idpais               INT NOT NULL,
	estado               CHAR(1) NOT NULL,
	PRIMARY KEY (iddepartamento),
	FOREIGN KEY (idpais) REFERENCES paises(idpais)
);

insert into departamentos (iddepartamento,departamento,idpais,estado) values 
(null,'Amazonas','1','1'),
(null,'Ancash','1','1'),
(null,'Apurimac','1','1'),
(null,'Arequipa','1','1'),
(null,'Ayacucho','1','1'),
(null,'Cajamarca','1','1'),
(null, 'Callao','1','1'),
(null, 'Cusco','1','1'),
(null, 'Huancavelica','1','1'),
(null, 'Huánuco','1','1'),
(null, 'Ica','1','1'),
(null, 'Junín','1','1'),
(null, 'La Libertad','1','1'),
(null, 'Lambayeque','1','1'),
(null, 'Lima','1','1'),
(null, 'Loreto','1','1'),
(null, 'Madre de Dios','1','1'),
(null, 'Moquegua','1','1'),
(null, 'Pasco','1','1'),
(null, 'Piura','1','1'),
(null, 'Puno','1','1'),
(null, 'San Martín','1','1'),
(null, 'Tacna','1','1'),
(null, 'Tumbes','1','1'),
(null, 'Ucayali','1','1');

  
CREATE TABLE provincias
(
	idprovincia          INT AUTO_INCREMENT ,	
	provincia            VARCHAR(50) NULL,
	iddepartamento       INT NOT NULL,
	estado               CHAR(1) NOT NULL,
PRIMARY KEY (idprovincia),
FOREIGN KEY (iddepartamento) REFERENCES departamentos(iddepartamento)
);

insert into provincias (idprovincia,provincia,iddepartamento,estado) values
('0101', 'Chachapoyas', '1','1'),
('0102', 'Bagua', '1','1'),
('0103', 'Bongará', '1','1'),
('0104', 'Condorcanqui', '1','1'),
('0105', 'Luya', '1','1'),
('0106', 'Rodríguez de Mendoza', '1','1'),
('0107', 'Utcubamba', '1','1'),
('0201', 'Huaraz', '2','1'),
('0202', 'Aija', '2','1'),
('0203', 'Antonio Raymondi', '2','1'),
('0204', 'Asunción', '2','1'),
('0205', 'Bolognesi', '2','1'),
('0206', 'Carhuaz', '2','1'),
('0207', 'Carlos Fermín Fitzcarrald', '2','1'),
('0208', 'Casma', '2','1'),
('0209', 'Corongo', '2','1'),
('0210', 'Huari', '2','1'),
('0211', 'Huarmey', '2','1'),
('0212', 'Huaylas', '2','1'),
('0213', 'Mariscal Luzuriaga', '2','1'),
('0214', 'Ocros', '2','1'),
('0215', 'Pallasca', '2','1'),
('0216', 'Pomabamba', '2','1'),
('0217', 'Recuay', '2','1'),
('0218', 'Santa', '2','1'),
('0219', 'Sihuas', '2','1'),
('0220', 'Yungay', '2','1'),
('0301', 'Abancay', '3','1'),
('0302', 'Andahuaylas', '3','1'),
('0303', 'Antabamba', '3','1'),
('0304', 'Aymaraes', '3','1'),
('0305', 'Cotabambas', '3','1'),
('0306', 'Chincheros', '3','1'),
('0307', 'Grau', '3','1'),
('0401', 'Arequipa', '4','1'),
('0402', 'Camaná', '4','1'),
('0403', 'Caravelí', '4','1'),
('0404', 'Castilla', '4','1'),
('0405', 'Caylloma', '4','1'),
('0406', 'Condesuyos', '4','1'),
('0407', 'Islay', '4','1'),
('0408', 'La Uniòn', '4','1'),
('0501', 'Huamanga', '5','1'),
('0502', 'Cangallo', '5','1'),
('0503', 'Huanca Sancos', '5','1'),
('0504', 'Huanta', '5','1'),
('0505', 'La Mar', '5','1'),
('0506', 'Lucanas', '5','1'),
('0507', 'Parinacochas', '5','1'),
('0508', 'Pàucar del Sara Sara', '5','1'),
('0509', 'Sucre', '5','1'),
('0510', 'Víctor Fajardo', '5','1'),
('0511', 'Vilcas Huamán', '5','1'),
('0601', 'Cajamarca', '6','1'),
('0602', 'Cajabamba', '6','1'),
('0603', 'Celendín', '6','1'),
('0604', 'Chota', '6','1'),
('0605', 'Contumazá', '6','1'),
('0606', 'Cutervo', '6','1'),
('0607', 'Hualgayoc', '6','1'),
('0608', 'Jaén', '6','1'),
('0609', 'San Ignacio', '6','1'),
('0610', 'San Marcos', '6','1'),
('0611', 'San Miguel', '6','1'),
('0612', 'San Pablo', '6','1'),
('0613', 'Santa Cruz', '6','1'),
('0701', 'Prov. Const. del Callao', '7','1'),
('0801', 'Cusco', '8','1'),
('0802', 'Acomayo', '8','1'),
('0803', 'Anta', '8','1'),
('0804', 'Calca', '8','1'),
('0805', 'Canas', '8','1'),
('0806', 'Canchis', '8','1'),
('0807', 'Chumbivilcas', '8','1'),
('0808', 'Espinar', '8','1'),
('0809', 'La Convención', '8','1'),
('0810', 'Paruro', '8','1'),
('0811', 'Paucartambo', '8','1'),
('0812', 'Quispicanchi', '8','1'),
('0813', 'Urubamba', '8','1'),
('0901', 'Huancavelica', '9','1'),
('0902', 'Acobamba', '9','1'),
('0903', 'Angaraes', '9','1'),
('0904', 'Castrovirreyna', '9','1'),
('0905', 'Churcampa', '9','1'),
('0906', 'Huaytará', '9','1'),
('0907', 'Tayacaja', '9','1'),
('1001', 'Huánuco', '10','1'),
('1002', 'Ambo', '10','1'),
('1003', 'Dos de Mayo', '10','1'),
('1004', 'Huacaybamba', '10','1'),
('1005', 'Huamalíes', '10','1'),
('1006', 'Leoncio Prado', '10','1'),
('1007', 'Marañón', '10','1'),
('1008', 'Pachitea', '10','1'),
('1009', 'Puerto Inca', '10','1'),
('1010', 'Lauricocha ', '10','1'),
('1011', 'Yarowilca ', '10','1'),
('1101', 'Ica ', '11','1'),
('1102', 'Chincha ', '11','1'),
('1103', 'Nasca ', '11','1'),
('1104', 'Palpa ', '11','1'),
('1105', 'Pisco ', '11','1'),
('1201', 'Huancayo ', '12','1'),
('1202', 'Concepción ', '12','1'),
('1203', 'Chanchamayo ', '12','1'),
('1204', 'Jauja ', '12','1'),
('1205', 'Junín ', '12','1'),
('1206', 'Satipo ', '12','1'),
('1207', 'Tarma ', '12','1'),
('1208', 'Yauli ', '12','1'),
('1209', 'Chupaca ', '12','1'),
('1301', 'Trujillo ', '13','1'),
('1302', 'Ascope ', '13','1'),
('1303', 'Bolívar ', '13','1'),
('1304', 'Chepén ', '13','1'),
('1305', 'Julcán ', '13','1'),
('1306', 'Otuzco ', '13','1'),
('1307', 'Pacasmayo ', '13','1'),
('1308', 'Pataz ', '13','1'),
('1309', 'Sánchez Carrión ', '13','1'),
('1310', 'Santiago de Chuco ', '13','1'),
('1311', 'Gran Chimú ', '13','1'),
('1312', 'Virú ', '13','1'),
('1401', 'Chiclayo ', '14','1'),
('1402', 'Ferreñafe ', '14','1'),
('1403', 'Lambayeque ', '14','1'),
('1501', 'Lima ', '15','1'),
('1502', 'Barranca ', '15','1'),
('1503', 'Cajatambo ', '15','1'),
('1504', 'Canta ', '15','1'),
('1505', 'Cañete ', '15','1'),
('1506', 'Huaral ', '15','1'),
('1507', 'Huarochirí ', '15','1'),
('1508', 'Huaura ', '15','1'),
('1509', 'Oyón ', '15','1'),
('1510', 'Yauyos ', '15','1'),
('1601', 'Maynas ', '16','1'),
('1602', 'Alto Amazonas ', '16','1'),
('1603', 'Loreto ', '16','1'),
('1604', 'Mariscal Ramón Castilla ', '16','1'),
('1605', 'Requena ', '16','1'),
('1606', 'Ucayali ', '16','1'),
('1607', 'Datem del Marañón ', '16','1'),
('1608', 'Putumayo', '16','1'),
('1701', 'Tambopata ', '17','1'),
('1702', 'Manu ', '17','1'),
('1703', 'Tahuamanu ', '17','1'),
('1801', 'Mariscal Nieto ', '18','1'),
('1802', 'General Sánchez Cerro ', '18','1'),
('1803', 'Ilo ', '18','1'),
('1901', 'Pasco ', '19','1'),
('1902', 'Daniel Alcides Carrión ', '19','1'),
('1903', 'Oxapampa ', '19','1'),
('2001', 'Piura ', '20','1'),
('2002', 'Ayabaca ', '20','1'),
('2003', 'Huancabamba ', '20','1'),
('2004', 'Morropón ', '20','1'),
('2005', 'Paita ', '20','1'),
('2006', 'Sullana ', '20','1'),
('2007', 'Talara ', '20','1'),
('2008', 'Sechura ', '20','1'),
('2101', 'Puno ', '21','1'),
('2102', 'Azángaro ', '21','1'),
('2103', 'Carabaya ', '21','1'),
('2104', 'Chucuito ', '21','1'),
('2105', 'El Collao ', '21','1'),
('2106', 'Huancané ', '21','1'),
('2107', 'Lampa ', '21','1'),
('2108', 'Melgar ', '21','1'),
('2109', 'Moho ', '21','1'),
('2110', 'San Antonio de Putina ', '21','1'),
('2111', 'San Román ', '21','1'),
('2112', 'Sandia ', '21','1'),
('2113', 'Yunguyo ', '21','1'),
('2201', 'Moyobamba ', '22','1'),
('2202', 'Bellavista ', '22','1'),
('2203', 'El Dorado ', '22','1'),
('2204', 'Huallaga ', '22','1'),
('2205', 'Lamas ', '22','1'),
('2206', 'Mariscal Cáceres ', '22','1'),
('2207', 'Picota ', '22','1'),
('2208', 'Rioja ', '22','1'),
('2209', 'San Martín ', '22','1'),
('2210', 'Tocache ', '22','1'),
('2301', 'Tacna ', '23','1'),
('2302', 'Candarave ', '23','1'),
('2303', 'Jorge Basadre ', '23','1'),
('2304', 'Tarata ', '23','1'),
('2401', 'Tumbes ', '24','1'),
('2402', 'Contralmirante Villar ', '24','1'),
('2403', 'Zarumilla ', '24','1'),
('2501', 'Coronel Portillo ', '25','1'),
('2502', 'Atalaya ', '25','1'),
('2503', 'Padre Abad ', '25','1'),
('2504', 'Purús', '25','1');



CREATE TABLE distritos
(
	iddistrito           INT AUTO_INCREMENT ,
	distrito             VARCHAR(50) NULL,
	idprovincia          INT NOT NULL,
	estado               CHAR(1) NOT NULL,
    PRIMARY KEY (iddistrito),
	FOREIGN KEY (idprovincia) REFERENCES provincias(idprovincia)
);
insert into distritos (iddistrito,distrito,idprovincia,estado) values

('010101', 'Chachapoyas', '0101', '1'),
('010102', 'Asunción', '0101', '1'),
('010103', 'Balsas', '0101', '1'),
('010104', 'Cheto', '0101', '1'),
('010105', 'Chiliquin', '0101', '1'),
('010106', 'Chuquibamba', '0101', '1'),
('010107', 'Granada', '0101', '1'),
('010108', 'Huancas', '0101', '1'),
('010109', 'La Jalca', '0101', '1'),
('010110', 'Leimebamba', '0101', '1'),
('010111', 'Levanto', '0101', '1'),
('010112', 'Magdalena', '0101', '1'),
('010113', 'Mariscal Castilla', '0101', '1'),
('010114', 'Molinopampa', '0101', '1'),
('010115', 'Montevideo', '0101', '1'),
('010116', 'Olleros', '0101', '1'),
('010117', 'Quinjalca', '0101', '1'),
('010118', 'San Francisco de Daguas', '0101', '1'),
('010119', 'San Isidro de Maino', '0101', '1'),
('010120', 'Soloco', '0101', '1'),
('010121', 'Sonche', '0101', '1'),
('010201', 'Bagua', '0102', '1'),
('010202', 'Aramango', '0102', '1'),
('010203', 'Copallin', '0102', '1'),
('010204', 'El Parco', '0102', '1'),
('010205', 'Imaza', '0102', '1'),
('010206', 'La Peca', '0102', '1'),
('010301', 'Jumbilla', '0103', '1'),
('010302', 'Chisquilla', '0103', '1'),
('010303', 'Churuja', '0103', '1'),
('010304', 'Corosha', '0103', '1'),
('010305', 'Cuispes', '0103', '1'),
('010306', 'Florida', '0103', '1'),
('010307', 'Jazan', '0103', '1'),
('010308', 'Recta', '0103', '1'),
('010309', 'San Carlos', '0103', '1'),
('010310', 'Shipasbamba', '0103', '1'),
('010311', 'Valera', '0103', '1'),
('010312', 'Yambrasbamba', '0103', '1'),
('010401', 'Nieva', '0104', '1'),
('010402', 'El Cenepa', '0104', '1'),
('010403', 'Río Santiago', '0104', '1'),
('010501', 'Lamud', '0105', '1'),
('010502', 'Camporredondo', '0105', '1'),
('010503', 'Cocabamba', '0105', '1'),
('010504', 'Colcamar', '0105', '1'),
('010505', 'Conila', '0105', '1'),
('010506', 'Inguilpata', '0105', '1'),
('010507', 'Longuita', '0105', '1'),
('010508', 'Lonya Chico', '0105', '1'),
('010509', 'Luya', '0105', '1'),
('010510', 'Luya Viejo', '0105', '1'),
('010511', 'María', '0105', '1'),
('010512', 'Ocalli', '0105', '1'),
('010513', 'Ocumal', '0105', '1'),
('010514', 'Pisuquia', '0105', '1'),
('010515', 'Providencia', '0105', '1'),
('010516', 'San Cristóbal', '0105', '1'),
('010517', 'San Francisco de Yeso', '0105', '1'),
('010518', 'San Jerónimo', '0105', '1'),
('010519', 'San Juan de Lopecancha', '0105', '1'),
('010520', 'Santa Catalina', '0105', '1'),
('010521', 'Santo Tomas', '0105', '1'),
('010522', 'Tingo', '0105', '1'),
('010523', 'Trita', '0105', '1'),
('010601', 'San Nicolás', '0106', '1'),
('010602', 'Chirimoto', '0106', '1'),
('010603', 'Cochamal', '0106', '1'),
('010604', 'Huambo', '0106', '1'),
('010605', 'Limabamba', '0106', '1'),
('010606', 'Longar', '0106', '1'),
('010607', 'Mariscal Benavides', '0106', '1'),
('010608', 'Milpuc', '0106', '1'),
('010609', 'Omia', '0106', '1'),
('010610', 'Santa Rosa', '0106', '1'),
('010611', 'Totora', '0106', '1'),
('010612', 'Vista Alegre', '0106', '1'),
('010701', 'Bagua Grande', '0107', '1'),
('010702', 'Cajaruro', '0107', '1'),
('010703', 'Cumba', '0107', '1'),
('010704', 'El Milagro', '0107', '1'),
('010705', 'Jamalca', '0107', '1'),
('010706', 'Lonya Grande', '0107', '1'),
('010707', 'Yamon', '0107', '1'),
('020101', 'Huaraz', '0201', '1'),
('020102', 'Cochabamba', '0201', '1'),
('020103', 'Colcabamba', '0201', '1'),
('020104', 'Huanchay', '0201', '1'),
('020105', 'Independencia', '0201', '1'),
('020106', 'Jangas', '0201', '1'),
('020107', 'La Libertad', '0201', '1'),
('020108', 'Olleros', '0201', '1'),
('020109', 'Pampas Grande', '0201', '1'),
('020110', 'Pariacoto', '0201', '1'),
('020111', 'Pira', '0201', '1'),
('020112', 'Tarica', '0201', '1'),
('020201', 'Aija', '0202', '1'),
('020202', 'Coris', '0202', '1'),
('020203', 'Huacllan', '0202', '1'),
('020204', 'La Merced', '0202', '1'),
('020205', 'Succha', '0202', '1'),
('020301', 'Llamellin', '0203', '1'),
('020302', 'Aczo', '0203', '1'),
('020303', 'Chaccho', '0203', '1'),
('020304', 'Chingas', '0203', '1'),
('020305', 'Mirgas', '0203', '1'),
('020306', 'San Juan de Rontoy', '0203', '1'),
('020401', 'Chacas', '0204', '1'),
('020402', 'Acochaca', '0204', '1'),
('020501', 'Chiquian', '0205', '1'),
('020502', 'Abelardo Pardo Lezameta', '0205', '1'),
('020503', 'Antonio Raymondi', '0205', '1'),
('020504', 'Aquia', '0205', '1'),
('020505', 'Cajacay', '0205', '1'),
('020506', 'Canis', '0205', '1'),
('020507', 'Colquioc', '0205', '1'),
('020508', 'Huallanca', '0205', '1'),
('020509', 'Huasta', '0205', '1'),
('020510', 'Huayllacayan', '0205', '1'),
('020511', 'La Primavera', '0205', '1'),
('020512', 'Mangas', '0205', '1'),
('020513', 'Pacllon', '0205', '1'),
('020514', 'San Miguel de Corpanqui', '0205', '1'),
('020515', 'Ticllos', '0205', '1'),
('020601', 'Carhuaz', '0206', '1'),
('020602', 'Acopampa', '0206', '1'),
('020603', 'Amashca', '0206', '1'),
('020604', 'Anta', '0206', '1'),
('020605', 'Ataquero', '0206', '1'),
('020606', 'Marcara', '0206', '1'),
('020607', 'Pariahuanca', '0206', '1'),
('020608', 'San Miguel de Aco', '0206', '1'),
('020609', 'Shilla', '0206', '1'),
('020610', 'Tinco', '0206', '1'),
('020611', 'Yungar', '0206', '1'),
('020701', 'San Luis', '0207', '1'),
('020702', 'San Nicolás', '0207', '1'),
('020703', 'Yauya', '0207', '1'),
('020801', 'Casma', '0208', '1'),
('020802', 'Buena Vista Alta', '0208', '1'),
('020803', 'Comandante Noel', '0208', '1'),
('020804', 'Yautan', '0208', '1'),
('020901', 'Corongo', '0209', '1'),
('020902', 'Aco', '0209', '1'),
('020903', 'Bambas', '0209', '1'),
('020904', 'Cusca', '0209', '1'),
('020905', 'La Pampa', '0209', '1'),
('020906', 'Yanac', '0209', '1'),
('020907', 'Yupan', '0209', '1'),
('021001', 'Huari', '0210', '1'),
('021002', 'Anra', '0210', '1'),
('021003', 'Cajay', '0210', '1'),
('021004', 'Chavin de Huantar', '0210', '1'),
('021005', 'Huacachi', '0210', '1'),
('021006', 'Huacchis', '0210', '1'),
('021007', 'Huachis', '0210', '1'),
('021008', 'Huantar', '0210', '1'),
('021009', 'Masin', '0210', '1'),
('021010', 'Paucas', '0210', '1'),
('021011', 'Ponto', '0210', '1'),
('021012', 'Rahuapampa', '0210', '1'),
('021013', 'Rapayan', '0210', '1'),
('021014', 'San Marcos', '0210', '1'),
('021015', 'San Pedro de Chana', '0210', '1'),
('021016', 'Uco', '0210', '1'),
('021101', 'Huarmey', '0211', '1'),
('021102', 'Cochapeti', '0211', '1'),
('021103', 'Culebras', '0211', '1'),
('021104', 'Huayan', '0211', '1'),
('021105', 'Malvas', '0211', '1'),
('021201', 'Caraz', '0212', '1'),
('021202', 'Huallanca', '0212', '1'),
('021203', 'Huata', '0212', '1'),
('021204', 'Huaylas', '0212', '1'),
('021205', 'Mato', '0212', '1'),
('021206', 'Pamparomas', '0212', '1'),
('021207', 'Pueblo Libre', '0212', '1'),
('021208', 'Santa Cruz', '0212', '1'),
('021209', 'Santo Toribio', '0212', '1'),
('021210', 'Yuracmarca', '0212', '1'),
('021301', 'Piscobamba', '0213', '1'),
('021302', 'Casca', '0213', '1'),
('021303', 'Eleazar Guzmán Barron', '0213', '1'),
('021304', 'Fidel Olivas Escudero', '0213', '1'),
('021305', 'Llama', '0213', '1'),
('021306', 'Llumpa', '0213', '1'),
('021307', 'Lucma', '0213', '1'),
('021308', 'Musga', '0213', '1'),
('021401', 'Ocros', '0214', '1'),
('021402', 'Acas', '0214', '1'),
('021403', 'Cajamarquilla', '0214', '1'),
('021404', 'Carhuapampa', '0214', '1'),
('021405', 'Cochas', '0214', '1'),
('021406', 'Congas', '0214', '1'),
('021407', 'Llipa', '0214', '1'),
('021408', 'San Cristóbal de Rajan', '0214', '1'),
('021409', 'San Pedro', '0214', '1'),
('021410', 'Santiago de Chilcas', '0214', '1'),
('021501', 'Cabana', '0215', '1'),
('021502', 'Bolognesi', '0215', '1'),
('021503', 'Conchucos', '0215', '1'),
('021504', 'Huacaschuque', '0215', '1'),
('021505', 'Huandoval', '0215', '1'),
('021506', 'Lacabamba', '0215', '1'),
('021507', 'Llapo', '0215', '1'),
('021508', 'Pallasca', '0215', '1'),
('021509', 'Pampas', '0215', '1'),
('021510', 'Santa Rosa', '0215', '1'),
('021511', 'Tauca', '0215', '1'),
('021601', 'Pomabamba', '0216', '1'),
('021602', 'Huayllan', '0216', '1'),
('021603', 'Parobamba', '0216', '1'),
('021604', 'Quinuabamba', '0216', '1'),
('021701', 'Recuay', '0217', '1'),
('021702', 'Catac', '0217', '1'),
('021703', 'Cotaparaco', '0217', '1'),
('021704', 'Huayllapampa', '0217', '1'),
('021705', 'Llacllin', '0217', '1'),
('021706', 'Marca', '0217', '1'),
('021707', 'Pampas Chico', '0217', '1'),
('021708', 'Pararin', '0217', '1'),
('021709', 'Tapacocha', '0217', '1'),
('021710', 'Ticapampa', '0217', '1'),
('021801', 'Chimbote', '0218', '1'),
('021802', 'Cáceres del Perú', '0218', '1'),
('021803', 'Coishco', '0218', '1'),
('021804', 'Macate', '0218', '1'),
('021805', 'Moro', '0218', '1'),
('021806', 'Nepeña', '0218', '1'),
('021807', 'Samanco', '0218', '1'),
('021808', 'Santa', '0218', '1'),
('021809', 'Nuevo Chimbote', '0218', '1'),
('021901', 'Sihuas', '0219', '1'),
('021902', 'Acobamba', '0219', '1'),
('021903', 'Alfonso Ugarte', '0219', '1'),
('021904', 'Cashapampa', '0219', '1'),
('021905', 'Chingalpo', '0219', '1'),
('021906', 'Huayllabamba', '0219', '1'),
('021907', 'Quiches', '0219', '1'),
('021908', 'Ragash', '0219', '1'),
('021909', 'San Juan', '0219', '1'),
('021910', 'Sicsibamba', '0219', '1'),
('022001', 'Yungay', '0220', '1'),
('022002', 'Cascapara', '0220', '1'),
('022003', 'Mancos', '0220', '1'),
('022004', 'Matacoto', '0220', '1'),
('022005', 'Quillo', '0220', '1'),
('022006', 'Ranrahirca', '0220', '1'),
('022007', 'Shupluy', '0220', '1'),
('022008', 'Yanama', '0220', '1'),
('030101', 'Abancay', '0301', '1'),
('030102', 'Chacoche', '0301', '1'),
('030103', 'Circa', '0301', '1'),
('030104', 'Curahuasi', '0301', '1'),
('030105', 'Huanipaca', '0301', '1'),
('030106', 'Lambrama', '0301', '1'),
('030107', 'Pichirhua', '0301', '1'),
('030108', 'San Pedro de Cachora', '0301', '1'),
('030109', 'Tamburco', '0301', '1'),
('030201', 'Andahuaylas', '0302', '1'),
('030202', 'Andarapa', '0302', '1'),
('030203', 'Chiara', '0302', '1'),
('030204', 'Huancarama', '0302', '1'),
('030205', 'Huancaray', '0302', '1'),
('030206', 'Huayana', '0302', '1'),
('030207', 'Kishuara', '0302', '1'),
('030208', 'Pacobamba', '0302', '1'),
('030209', 'Pacucha', '0302', '1'),
('030210', 'Pampachiri', '0302', '1'),
('030211', 'Pomacocha', '0302', '1'),
('030212', 'San Antonio de Cachi', '0302', '1'),
('030213', 'San Jerónimo', '0302', '1'),
('030214', 'San Miguel de Chaccrampa', '0302', '1'),
('030215', 'Santa María de Chicmo', '0302', '1'),
('030216', 'Talavera', '0302', '1'),
('030217', 'Tumay Huaraca', '0302', '1'),
('030218', 'Turpo', '0302', '1'),
('030219', 'Kaquiabamba', '0302', '1'),
('030220', 'José María Arguedas', '0302', '1'),
('030301', 'Antabamba', '0303', '1'),
('030302', 'El Oro', '0303', '1'),
('030303', 'Huaquirca', '0303', '1'),
('030304', 'Juan Espinoza Medrano', '0303', '1'),
('030305', 'Oropesa', '0303', '1'),
('030306', 'Pachaconas', '0303', '1'),
('030307', 'Sabaino', '0303', '1'),
('030401', 'Chalhuanca', '0304', '1'),
('030402', 'Capaya', '0304', '1'),
('030403', 'Caraybamba', '0304', '1'),
('030404', 'Chapimarca', '0304', '1'),
('030405', 'Colcabamba', '0304', '1'),
('030406', 'Cotaruse', '0304', '1'),
('030407', 'Ihuayllo', '0304', '1'),
('030408', 'Justo Apu Sahuaraura', '0304', '1'),
('030409', 'Lucre', '0304', '1'),
('030410', 'Pocohuanca', '0304', '1'),
('030411', 'San Juan de Chacña', '0304', '1'),
('030412', 'Sañayca', '0304', '1'),
('030413', 'Soraya', '0304', '1'),
('030414', 'Tapairihua', '0304', '1'),
('030415', 'Tintay', '0304', '1'),
('030416', 'Toraya', '0304', '1'),
('030417', 'Yanaca', '0304', '1'),
('030501', 'Tambobamba', '0305', '1'),
('030502', 'Cotabambas', '0305', '1'),
('030503', 'Coyllurqui', '0305', '1'),
('030504', 'Haquira', '0305', '1'),
('030505', 'Mara', '0305', '1'),
('030506', 'Challhuahuacho', '0305', '1'),
('030601', 'Chincheros', '0306', '1'),
('030602', 'Anco_Huallo', '0306', '1'),
('030603', 'Cocharcas', '0306', '1'),
('030604', 'Huaccana', '0306', '1'),
('030605', 'Ocobamba', '0306', '1'),
('030606', 'Ongoy', '0306', '1'),
('030607', 'Uranmarca', '0306', '1'),
('030608', 'Ranracancha', '0306', '1'),
('030609', 'Rocchacc', '0306', '1'),
('030610', 'El Porvenir', '0306', '1'),
('030611', 'Los Chankas', '0306', '1'),
('030701', 'Chuquibambilla', '0307', '1'),
('030702', 'Curpahuasi', '0307', '1'),
('030703', 'Gamarra', '0307', '1'),
('030704', 'Huayllati', '0307', '1'),
('030705', 'Mamara', '0307', '1'),
('030706', 'Micaela Bastidas', '0307', '1'),
('030707', 'Pataypampa', '0307', '1'),
('030708', 'Progreso', '0307', '1'),
('030709', 'San Antonio', '0307', '1'),
('030710', 'Santa Rosa', '0307', '1'),
('030711', 'Turpay', '0307', '1'),
('030712', 'Vilcabamba', '0307', '1'),
('030713', 'Virundo', '0307', '1'),
('030714', 'Curasco', '0307', '1'),
('040101', 'Arequipa', '0401', '1'),
('040102', 'Alto Selva Alegre', '0401', '1'),
('040103', 'Cayma', '0401', '1'),
('040104', 'Cerro Colorado', '0401', '1'),
('040105', 'Characato', '0401', '1'),
('040106', 'Chiguata', '0401', '1'),
('040107', 'Jacobo Hunter', '0401', '1'),
('040108', 'La Joya', '0401', '1'),
('040109', 'Mariano Melgar', '0401', '1'),
('040110', 'Miraflores', '0401', '1'),
('040111', 'Mollebaya', '0401', '1'),
('040112', 'Paucarpata', '0401', '1'),
('040113', 'Pocsi', '0401', '1'),
('040114', 'Polobaya', '0401', '1'),
('040115', 'Quequeña', '0401', '1'),
('040116', 'Sabandia', '0401', '1'),
('040117', 'Sachaca', '0401', '1'),
('040118', 'San Juan de Siguas', '0401', '1'),
('040119', 'San Juan de Tarucani', '0401', '1'),
('040120', 'Santa Isabel de Siguas', '0401', '1'),
('040121', 'Santa Rita de Siguas', '0401', '1'),
('040122', 'Socabaya', '0401', '1'),
('040123', 'Tiabaya', '0401', '1'),
('040124', 'Uchumayo', '0401', '1'),
('040125', 'Vitor', '0401', '1'),
('040126', 'Yanahuara', '0401', '1'),
('040127', 'Yarabamba', '0401', '1'),
('040128', 'Yura', '0401', '1'),
('040129', 'José Luis Bustamante Y Rivero', '0401', '1'),
('040201', 'Camaná', '0402', '1'),
('040202', 'José María Quimper', '0402', '1'),
('040203', 'Mariano Nicolás Valcárcel', '0402', '1'),
('040204', 'Mariscal Cáceres', '0402', '1'),
('040205', 'Nicolás de Pierola', '0402', '1'),
('040206', 'Ocoña', '0402', '1'),
('040207', 'Quilca', '0402', '1'),
('040208', 'Samuel Pastor', '0402', '1'),
('040301', 'Caravelí', '0403', '1'),
('040302', 'Acarí', '0403', '1'),
('040303', 'Atico', '0403', '1'),
('040304', 'Atiquipa', '0403', '1'),
('040305', 'Bella Unión', '0403', '1'),
('040306', 'Cahuacho', '0403', '1'),
('040307', 'Chala', '0403', '1'),
('040308', 'Chaparra', '0403', '1'),
('040309', 'Huanuhuanu', '0403', '1'),
('040310', 'Jaqui', '0403', '1'),
('040311', 'Lomas', '0403', '1'),
('040312', 'Quicacha', '0403', '1'),
('040313', 'Yauca', '0403', '1'),
('040401', 'Aplao', '0404', '1'),
('040402', 'Andagua', '0404', '1'),
('040403', 'Ayo', '0404', '1'),
('040404', 'Chachas', '0404', '1'),
('040405', 'Chilcaymarca', '0404', '1'),
('040406', 'Choco', '0404', '1'),
('040407', 'Huancarqui', '0404', '1'),
('040408', 'Machaguay', '0404', '1'),
('040409', 'Orcopampa', '0404', '1'),
('040410', 'Pampacolca', '0404', '1'),
('040411', 'Tipan', '0404', '1'),
('040412', 'Uñon', '0404', '1'),
('040413', 'Uraca', '0404', '1'),
('040414', 'Viraco', '0404', '1'),
('040501', 'Chivay', '0405', '1'),
('040502', 'Achoma', '0405', '1'),
('040503', 'Cabanaconde', '0405', '1'),
('040504', 'Callalli', '0405', '1'),
('040505', 'Caylloma', '0405', '1'),
('040506', 'Coporaque', '0405', '1'),
('040507', 'Huambo', '0405', '1'),
('040508', 'Huanca', '0405', '1'),
('040509', 'Ichupampa', '0405', '1'),
('040510', 'Lari', '0405', '1'),
('040511', 'Lluta', '0405', '1'),
('040512', 'Maca', '0405', '1'),
('040513', 'Madrigal', '0405', '1'),
('040514', 'San Antonio de Chuca', '0405', '1'),
('040515', 'Sibayo', '0405', '1'),
('040516', 'Tapay', '0405', '1'),
('040517', 'Tisco', '0405', '1'),
('040518', 'Tuti', '0405', '1'),
('040519', 'Yanque', '0405', '1'),
('040520', 'Majes', '0405', '1'),
('040601', 'Chuquibamba', '0406', '1'),
('040602', 'Andaray', '0406', '1'),
('040603', 'Cayarani', '0406', '1'),
('040604', 'Chichas', '0406', '1'),
('040605', 'Iray', '0406', '1'),
('040606', 'Río Grande', '0406', '1'),
('040607', 'Salamanca', '0406', '1'),
('040608', 'Yanaquihua', '0406', '1'),
('040701', 'Mollendo', '0407', '1'),
('040702', 'Cocachacra', '0407', '1'),
('040703', 'Dean Valdivia', '0407', '1'),
('040704', 'Islay', '0407', '1'),
('040705', 'Mejia', '0407', '1'),
('040706', 'Punta de Bombón', '0407', '1'),
('040801', 'Cotahuasi', '0408', '1'),
('040802', 'Alca', '0408', '1'),
('040803', 'Charcana', '0408', '1'),
('040804', 'Huaynacotas', '0408', '1'),
('040805', 'Pampamarca', '0408', '1'),
('040806', 'Puyca', '0408', '1'),
('040807', 'Quechualla', '0408', '1'),
('040808', 'Sayla', '0408', '1'),
('040809', 'Tauria', '0408', '1'),
('040810', 'Tomepampa', '0408', '1'),
('040811', 'Toro', '0408', '1'),
('050101', 'Ayacucho', '0501', '1'),
('050102', 'Acocro', '0501', '1'),
('050103', 'Acos Vinchos', '0501', '1'),
('050104', 'Carmen Alto', '0501', '1'),
('050105', 'Chiara', '0501', '1'),
('050106', 'Ocros', '0501', '1'),
('050107', 'Pacaycasa', '0501', '1'),
('050108', 'Quinua', '0501', '1'),
('050109', 'San José de Ticllas', '0501', '1'),
('050110', 'San Juan Bautista', '0501', '1'),
('050111', 'Santiago de Pischa', '0501', '1'),
('050112', 'Socos', '0501', '1'),
('050113', 'Tambillo', '0501', '1'),
('050114', 'Vinchos', '0501', '1'),
('050115', 'Jesús Nazareno', '0501', '1'),
('050116', 'Andrés Avelino Cáceres Dorregaray', '0501', '1'),
('050201', 'Cangallo', '0502', '1'),
('050202', 'Chuschi', '0502', '1'),
('050203', 'Los Morochucos', '0502', '1'),
('050204', 'María Parado de Bellido', '0502', '1'),
('050205', 'Paras', '0502', '1'),
('050206', 'Totos', '0502', '1'),
('050301', 'Sancos', '0503', '1'),
('050302', 'Carapo', '0503', '1'),
('050303', 'Sacsamarca', '0503', '1'),
('050304', 'Santiago de Lucanamarca', '0503', '1'),
('050401', 'Huanta', '0504', '1'),
('050402', 'Ayahuanco', '0504', '1'),
('050403', 'Huamanguilla', '0504', '1'),
('050404', 'Iguain', '0504', '1'),
('050405', 'Luricocha', '0504', '1'),
('050406', 'Santillana', '0504', '1'),
('050407', 'Sivia', '0504', '1'),
('050408', 'Llochegua', '0504', '1'),
('050409', 'Canayre', '0504', '1'),
('050410', 'Uchuraccay', '0504', '1'),
('050411', 'Pucacolpa', '0504', '1'),
('050412', 'Chaca', '0504', '1'),
('050501', 'San Miguel', '0505', '1'),
('050502', 'Anco', '0505', '1'),
('050503', 'Ayna', '0505', '1'),
('050504', 'Chilcas', '0505', '1'),
('050505', 'Chungui', '0505', '1'),
('050506', 'Luis Carranza', '0505', '1'),
('050507', 'Santa Rosa', '0505', '1'),
('050508', 'Tambo', '0505', '1'),
('050509', 'Samugari', '0505', '1'),
('050510', 'Anchihuay', '0505', '1'),
('050511', 'Oronccoy', '0505', '1'),
('050601', 'Puquio', '0506', '1'),
('050602', 'Aucara', '0506', '1'),
('050603', 'Cabana', '0506', '1'),
('050604', 'Carmen Salcedo', '0506', '1'),
('050605', 'Chaviña', '0506', '1'),
('050606', 'Chipao', '0506', '1'),
('050607', 'Huac-Huas', '0506', '1'),
('050608', 'Laramate', '0506', '1'),
('050609', 'Leoncio Prado', '0506', '1'),
('050610', 'Llauta', '0506', '1'),
('050611', 'Lucanas', '0506', '1'),
('050612', 'Ocaña', '0506', '1'),
('050613', 'Otoca', '0506', '1'),
('050614', 'Saisa', '0506', '1'),
('050615', 'San Cristóbal', '0506', '1'),
('050616', 'San Juan', '0506', '1'),
('050617', 'San Pedro', '0506', '1'),
('050618', 'San Pedro de Palco', '0506', '1'),
('050619', 'Sancos', '0506', '1'),
('050620', 'Santa Ana de Huaycahuacho', '0506', '1'),
('050621', 'Santa Lucia', '0506', '1'),
('050701', 'Coracora', '0507', '1'),
('050702', 'Chumpi', '0507', '1'),
('050703', 'Coronel Castañeda', '0507', '1'),
('050704', 'Pacapausa', '0507', '1'),
('050705', 'Pullo', '0507', '1'),
('050706', 'Puyusca', '0507', '1'),
('050707', 'San Francisco de Ravacayco', '0507', '1'),
('050708', 'Upahuacho', '0507', '1'),
('050801', 'Pausa', '0508', '1'),
('050802', 'Colta', '0508', '1'),
('050803', 'Corculla', '0508', '1'),
('050804', 'Lampa', '0508', '1'),
('050805', 'Marcabamba', '0508', '1'),
('050806', 'Oyolo', '0508', '1'),
('050807', 'Pararca', '0508', '1'),
('050808', 'San Javier de Alpabamba', '0508', '1'),
('050809', 'San José de Ushua', '0508', '1'),
('050810', 'Sara Sara', '0508', '1'),
('050901', 'Querobamba', '0509', '1'),
('050902', 'Belén', '0509', '1'),
('050903', 'Chalcos', '0509', '1'),
('050904', 'Chilcayoc', '0509', '1'),
('050905', 'Huacaña', '0509', '1'),
('050906', 'Morcolla', '0509', '1'),
('050907', 'Paico', '0509', '1'),
('050908', 'San Pedro de Larcay', '0509', '1'),
('050909', 'San Salvador de Quije', '0509', '1'),
('050910', 'Santiago de Paucaray', '0509', '1'),
('050911', 'Soras', '0509', '1'),
('051001', 'Huancapi', '0510', '1'),
('051002', 'Alcamenca', '0510', '1'),
('051003', 'Apongo', '0510', '1'),
('051004', 'Asquipata', '0510', '1'),
('051005', 'Canaria', '0510', '1'),
('051006', 'Cayara', '0510', '1'),
('051007', 'Colca', '0510', '1'),
('051008', 'Huamanquiquia', '0510', '1'),
('051009', 'Huancaraylla', '0510', '1'),
('051010', 'Hualla', '0510', '1'),
('051011', 'Sarhua', '0510', '1'),
('051012', 'Vilcanchos', '0510', '1'),
('051101', 'Vilcas Huaman', '0511', '1'),
('051102', 'Accomarca', '0511', '1'),
('051103', 'Carhuanca', '0511', '1'),
('051104', 'Concepción', '0511', '1'),
('051105', 'Huambalpa', '0511', '1'),
('051106', 'Independencia', '0511', '1'),
('051107', 'Saurama', '0511', '1'),
('051108', 'Vischongo', '0511', '1'),
('060101', 'Cajamarca', '0601', '1'),
('060102', 'Asunción', '0601', '1'),
('060103', 'Chetilla', '0601', '1'),
('060104', 'Cospan', '0601', '1'),
('060105', 'Encañada', '0601', '1'),
('060106', 'Jesús', '0601', '1'),
('060107', 'Llacanora', '0601', '1'),
('060108', 'Los Baños del Inca', '0601', '1'),
('060109', 'Magdalena', '0601', '1'),
('060110', 'Matara', '0601', '1'),
('060111', 'Namora', '0601', '1'),
('060112', 'San Juan', '0601', '1'),
('060201', 'Cajabamba', '0602', '1'),
('060202', 'Cachachi', '0602', '1'),
('060203', 'Condebamba', '0602', '1'),
('060204', 'Sitacocha', '0602', '1'),
('060301', 'Celendín', '0603', '1'),
('060302', 'Chumuch', '0603', '1'),
('060303', 'Cortegana', '0603', '1'),
('060304', 'Huasmin', '0603', '1'),
('060305', 'Jorge Chávez', '0603', '1'),
('060306', 'José Gálvez', '0603', '1'),
('060307', 'Miguel Iglesias', '0603', '1'),
('060308', 'Oxamarca', '0603', '1'),
('060309', 'Sorochuco', '0603', '1'),
('060310', 'Sucre', '0603', '1'),
('060311', 'Utco', '0603', '1'),
('060312', 'La Libertad de Pallan', '0603', '1'),
('060401', 'Chota', '0604', '1'),
('060402', 'Anguia', '0604', '1'),
('060403', 'Chadin', '0604', '1'),
('060404', 'Chiguirip', '0604', '1'),
('060405', 'Chimban', '0604', '1'),
('060406', 'Choropampa', '0604', '1'),
('060407', 'Cochabamba', '0604', '1'),
('060408', 'Conchan', '0604', '1'),
('060409', 'Huambos', '0604', '1'),
('060410', 'Lajas', '0604', '1'),
('060411', 'Llama', '0604', '1'),
('060412', 'Miracosta', '0604', '1'),
('060413', 'Paccha', '0604', '1'),
('060414', 'Pion', '0604', '1'),
('060415', 'Querocoto', '0604', '1'),
('060416', 'San Juan de Licupis', '0604', '1'),
('060417', 'Tacabamba', '0604', '1'),
('060418', 'Tocmoche', '0604', '1'),
('060419', 'Chalamarca', '0604', '1'),
('060501', 'Contumaza', '0605', '1'),
('060502', 'Chilete', '0605', '1'),
('060503', 'Cupisnique', '0605', '1'),
('060504', 'Guzmango', '0605', '1'),
('060505', 'San Benito', '0605', '1'),
('060506', 'Santa Cruz de Toledo', '0605', '1'),
('060507', 'Tantarica', '0605', '1'),
('060508', 'Yonan', '0605', '1'),
('060601', 'Cutervo', '0606', '1'),
('060602', 'Callayuc', '0606', '1'),
('060603', 'Choros', '0606', '1'),
('060604', 'Cujillo', '0606', '1'),
('060605', 'La Ramada', '0606', '1'),
('060606', 'Pimpingos', '0606', '1'),
('060607', 'Querocotillo', '0606', '1'),
('060608', 'San Andrés de Cutervo', '0606', '1'),
('060609', 'San Juan de Cutervo', '0606', '1'),
('060610', 'San Luis de Lucma', '0606', '1'),
('060611', 'Santa Cruz', '0606', '1'),
('060612', 'Santo Domingo de la Capilla', '0606', '1'),
('060613', 'Santo Tomas', '0606', '1'),
('060614', 'Socota', '0606', '1'),
('060615', 'Toribio Casanova', '0606', '1'),
('060701', 'Bambamarca', '0607', '1'),
('060702', 'Chugur', '0607', '1'),
('060703', 'Hualgayoc', '0607', '1'),
('060801', 'Jaén', '0608', '1'),
('060802', 'Bellavista', '0608', '1'),
('060803', 'Chontali', '0608', '1'),
('060804', 'Colasay', '0608', '1'),
('060805', 'Huabal', '0608', '1'),
('060806', 'Las Pirias', '0608', '1'),
('060807', 'Pomahuaca', '0608', '1'),
('060808', 'Pucara', '0608', '1'),
('060809', 'Sallique', '0608', '1'),
('060810', 'San Felipe', '0608', '1'),
('060811', 'San José del Alto', '0608', '1'),
('060812', 'Santa Rosa', '0608', '1'),
('060901', 'San Ignacio', '0609', '1'),
('060902', 'Chirinos', '0609', '1'),
('060903', 'Huarango', '0609', '1'),
('060904', 'La Coipa', '0609', '1'),
('060905', 'Namballe', '0609', '1'),
('060906', 'San José de Lourdes', '0609', '1'),
('060907', 'Tabaconas', '0609', '1'),
('061001', 'Pedro Gálvez', '0610', '1'),
('061002', 'Chancay', '0610', '1'),
('061003', 'Eduardo Villanueva', '0610', '1'),
('061004', 'Gregorio Pita', '0610', '1'),
('061005', 'Ichocan', '0610', '1'),
('061006', 'José Manuel Quiroz', '0610', '1'),
('061007', 'José Sabogal', '0610', '1'),
('061101', 'San Miguel', '0611', '1'),
('061102', 'Bolívar', '0611', '1'),
('061103', 'Calquis', '0611', '1'),
('061104', 'Catilluc', '0611', '1'),
('061105', 'El Prado', '0611', '1'),
('061106', 'La Florida', '0611', '1'),
('061107', 'Llapa', '0611', '1'),
('061108', 'Nanchoc', '0611', '1'),
('061109', 'Niepos', '0611', '1'),
('061110', 'San Gregorio', '0611', '1'),
('061111', 'San Silvestre de Cochan', '0611', '1'),
('061112', 'Tongod', '0611', '1'),
('061113', 'Unión Agua Blanca', '0611', '1'),
('061201', 'San Pablo', '0612', '1'),
('061202', 'San Bernardino', '0612', '1'),
('061203', 'San Luis', '0612', '1'),
('061204', 'Tumbaden', '0612', '1'),
('061301', 'Santa Cruz', '0613', '1'),
('061302', 'Andabamba', '0613', '1'),
('061303', 'Catache', '0613', '1'),
('061304', 'Chancaybaños', '0613', '1'),
('061305', 'La Esperanza', '0613', '1'),
('061306', 'Ninabamba', '0613', '1'),
('061307', 'Pulan', '0613', '1'),
('061308', 'Saucepampa', '0613', '1'),
('061309', 'Sexi', '0613', '1'),
('061310', 'Uticyacu', '0613', '1'),
('061311', 'Yauyucan', '0613', '1'),
('070101', 'Callao', '0701', '1'),
('070102', 'Bellavista', '0701', '1'),
('070103', 'Carmen de la Legua Reynoso', '0701', '1'),
('070104', 'La Perla', '0701', '1'),
('070105', 'La Punta', '0701', '1'),
('070106', 'Ventanilla', '0701', '1'),
('070107', 'Mi Perú', '0701', '1'),
('080101', 'Cusco', '0801', '1'),
('080102', 'Ccorca', '0801', '1'),
('080103', 'Poroy', '0801', '1'),
('080104', 'San Jerónimo', '0801', '1'),
('080105', 'San Sebastian', '0801', '1'),
('080106', 'Santiago', '0801', '1'),
('080107', 'Saylla', '0801', '1'),
('080108', 'Wanchaq', '0801', '1'),
('080201', 'Acomayo', '0802', '1'),
('080202', 'Acopia', '0802', '1'),
('080203', 'Acos', '0802', '1'),
('080204', 'Mosoc Llacta', '0802', '1'),
('080205', 'Pomacanchi', '0802', '1'),
('080206', 'Rondocan', '0802', '1'),
('080207', 'Sangarara', '0802', '1'),
('080301', 'Anta', '0803', '1'),
('080302', 'Ancahuasi', '0803', '1'),
('080303', 'Cachimayo', '0803', '1'),
('080304', 'Chinchaypujio', '0803', '1'),
('080305', 'Huarocondo', '0803', '1'),
('080306', 'Limatambo', '0803', '1'),
('080307', 'Mollepata', '0803', '1'),
('080308', 'Pucyura', '0803', '1'),
('080309', 'Zurite', '0803', '1'),
('080401', 'Calca', '0804', '1'),
('080402', 'Coya', '0804', '1'),
('080403', 'Lamay', '0804', '1'),
('080404', 'Lares', '0804', '1'),
('080405', 'Pisac', '0804', '1'),
('080406', 'San Salvador', '0804', '1'),
('080407', 'Taray', '0804', '1'),
('080408', 'Yanatile', '0804', '1'),
('080501', 'Yanaoca', '0805', '1'),
('080502', 'Checca', '0805', '1'),
('080503', 'Kunturkanki', '0805', '1'),
('080504', 'Langui', '0805', '1'),
('080505', 'Layo', '0805', '1'),
('080506', 'Pampamarca', '0805', '1'),
('080507', 'Quehue', '0805', '1'),
('080508', 'Tupac Amaru', '0805', '1'),
('080601', 'Sicuani', '0806', '1'),
('080602', 'Checacupe', '0806', '1'),
('080603', 'Combapata', '0806', '1'),
('080604', 'Marangani', '0806', '1'),
('080605', 'Pitumarca', '0806', '1'),
('080606', 'San Pablo', '0806', '1'),
('080607', 'San Pedro', '0806', '1'),
('080608', 'Tinta', '0806', '1'),
('080701', 'Santo Tomas', '0807', '1'),
('080702', 'Capacmarca', '0807', '1'),
('080703', 'Chamaca', '0807', '1'),
('080704', 'Colquemarca', '0807', '1'),
('080705', 'Livitaca', '0807', '1'),
('080706', 'Llusco', '0807', '1'),
('080707', 'Quiñota', '0807', '1'),
('080708', 'Velille', '0807', '1'),
('080801', 'Espinar', '0808', '1'),
('080802', 'Condoroma', '0808', '1'),
('080803', 'Coporaque', '0808', '1'),
('080804', 'Ocoruro', '0808', '1'),
('080805', 'Pallpata', '0808', '1'),
('080806', 'Pichigua', '0808', '1'),
('080807', 'Suyckutambo', '0808', '1'),
('080808', 'Alto Pichigua', '0808', '1'),
('080901', 'Santa Ana', '0809', '1'),
('080902', 'Echarate', '0809', '1'),
('080903', 'Huayopata', '0809', '1'),
('080904', 'Maranura', '0809', '1'),
('080905', 'Ocobamba', '0809', '1'),
('080906', 'Quellouno', '0809', '1'),
('080907', 'Kimbiri', '0809', '1'),
('080908', 'Santa Teresa', '0809', '1'),
('080909', 'Vilcabamba', '0809', '1'),
('080910', 'Pichari', '0809', '1'),
('080911', 'Inkawasi', '0809', '1'),
('080912', 'Villa Virgen', '0809', '1'),
('080913', 'Villa Kintiarina', '0809', '1'),
('080914', 'Megantoni', '0809', '1'),
('081001', 'Paruro', '0810', '1'),
('081002', 'Accha', '0810', '1'),
('081003', 'Ccapi', '0810', '1'),
('081004', 'Colcha', '0810', '1'),
('081005', 'Huanoquite', '0810', '1'),
('081006', 'Omachaç', '0810', '1'),
('081007', 'Paccaritambo', '0810', '1'),
('081008', 'Pillpinto', '0810', '1'),
('081009', 'Yaurisque', '0810', '1'),
('081101', 'Paucartambo', '0811', '1'),
('081102', 'Caicay', '0811', '1'),
('081103', 'Challabamba', '0811', '1'),
('081104', 'Colquepata', '0811', '1'),
('081105', 'Huancarani', '0811', '1'),
('081106', 'Kosñipata', '0811', '1'),
('081201', 'Urcos', '0812', '1'),
('081202', 'Andahuaylillas', '0812', '1'),
('081203', 'Camanti', '0812', '1'),
('081204', 'Ccarhuayo', '0812', '1'),
('081205', 'Ccatca', '0812', '1'),
('081206', 'Cusipata', '0812', '1'),
('081207', 'Huaro', '0812', '1'),
('081208', 'Lucre', '0812', '1'),
('081209', 'Marcapata', '0812', '1'),
('081210', 'Ocongate', '0812', '1'),
('081211', 'Oropesa', '0812', '1'),
('081212', 'Quiquijana', '0812', '1'),
('081301', 'Urubamba', '0813', '1'),
('081302', 'Chinchero', '0813', '1'),
('081303', 'Huayllabamba', '0813', '1'),
('081304', 'Machupicchu', '0813', '1'),
('081305', 'Maras', '0813', '1'),
('081306', 'Ollantaytambo', '0813', '1'),
('081307', 'Yucay', '0813', '1'),
('090101', 'Huancavelica', '0901', '1'),
('090102', 'Acobambilla', '0901', '1'),
('090103', 'Acoria', '0901', '1'),
('090104', 'Conayca', '0901', '1'),
('090105', 'Cuenca', '0901', '1'),
('090106', 'Huachocolpa', '0901', '1'),
('090107', 'Huayllahuara', '0901', '1'),
('090108', 'Izcuchaca', '0901', '1'),
('090109', 'Laria', '0901', '1'),
('090110', 'Manta', '0901', '1'),
('090111', 'Mariscal Cáceres', '0901', '1'),
('090112', 'Moya', '0901', '1'),
('090113', 'Nuevo Occoro', '0901', '1'),
('090114', 'Palca', '0901', '1'),
('090115', 'Pilchaca', '0901', '1'),
('090116', 'Vilca', '0901', '1'),
('090117', 'Yauli', '0901', '1'),
('090118', 'Ascensión', '0901', '1'),
('090119', 'Huando', '0901', '1'),
('090201', 'Acobamba', '0902', '1'),
('090202', 'Andabamba', '0902', '1'),
('090203', 'Anta', '0902', '1'),
('090204', 'Caja', '0902', '1'),
('090205', 'Marcas', '0902', '1'),
('090206', 'Paucara', '0902', '1'),
('090207', 'Pomacocha', '0902', '1'),
('090208', 'Rosario', '0902', '1'),
('090301', 'Lircay', '0903', '1'),
('090302', 'Anchonga', '0903', '1'),
('090303', 'Callanmarca', '0903', '1'),
('090304', 'Ccochaccasa', '0903', '1'),
('090305', 'Chincho', '0903', '1'),
('090306', 'Congalla', '0903', '1'),
('090307', 'Huanca-Huanca', '0903', '1'),
('090308', 'Huayllay Grande', '0903', '1'),
('090309', 'Julcamarca', '0903', '1'),
('090310', 'San Antonio de Antaparco', '0903', '1'),
('090311', 'Santo Tomas de Pata', '0903', '1'),
('090312', 'Secclla', '0903', '1'),
('090401', 'Castrovirreyna', '0904', '1'),
('090402', 'Arma', '0904', '1'),
('090403', 'Aurahua', '0904', '1'),
('090404', 'Capillas', '0904', '1'),
('090405', 'Chupamarca', '0904', '1'),
('090406', 'Cocas', '0904', '1'),
('090407', 'Huachos', '0904', '1'),
('090408', 'Huamatambo', '0904', '1'),
('090409', 'Mollepampa', '0904', '1'),
('090410', 'San Juan', '0904', '1'),
('090411', 'Santa Ana', '0904', '1'),
('090412', 'Tantara', '0904', '1'),
('090413', 'Ticrapo', '0904', '1'),
('090501', 'Churcampa', '0905', '1'),
('090502', 'Anco', '0905', '1'),
('090503', 'Chinchihuasi', '0905', '1'),
('090504', 'El Carmen', '0905', '1'),
('090505', 'La Merced', '0905', '1'),
('090506', 'Locroja', '0905', '1'),
('090507', 'Paucarbamba', '0905', '1'),
('090508', 'San Miguel de Mayocc', '0905', '1'),
('090509', 'San Pedro de Coris', '0905', '1'),
('090510', 'Pachamarca', '0905', '1'),
('090511', 'Cosme', '0905', '1'),
('090601', 'Huaytara', '0906', '1'),
('090602', 'Ayavi', '0906', '1'),
('090603', 'Córdova', '0906', '1'),
('090604', 'Huayacundo Arma', '0906', '1'),
('090605', 'Laramarca', '0906', '1'),
('090606', 'Ocoyo', '0906', '1'),
('090607', 'Pilpichaca', '0906', '1'),
('090608', 'Querco', '0906', '1'),
('090609', 'Quito-Arma', '0906', '1'),
('090610', 'San Antonio de Cusicancha', '0906', '1'),
('090611', 'San Francisco de Sangayaico', '0906', '1'),
('090612', 'San Isidro', '0906', '1'),
('090613', 'Santiago de Chocorvos', '0906', '1'),
('090614', 'Santiago de Quirahuara', '0906', '1'),
('090615', 'Santo Domingo de Capillas', '0906', '1'),
('090616', 'Tambo', '0906', '1'),
('090701', 'Pampas', '0907', '1'),
('090702', 'Acostambo', '0907', '1'),
('090703', 'Acraquia', '0907', '1'),
('090704', 'Ahuaycha', '0907', '1'),
('090705', 'Colcabamba', '0907', '1'),
('090706', 'Daniel Hernández', '0907', '1'),
('090707', 'Huachocolpa', '0907', '1'),
('090709', 'Huaribamba', '0907', '1'),
('090710', 'Ñahuimpuquio', '0907', '1'),
('090711', 'Pazos', '0907', '1'),
('090713', 'Quishuar', '0907', '1'),
('090714', 'Salcabamba', '0907', '1'),
('090715', 'Salcahuasi', '0907', '1'),
('090716', 'San Marcos de Rocchac', '0907', '1'),
('090717', 'Surcubamba', '0907', '1'),
('090718', 'Tintay Puncu', '0907', '1'),
('090719', 'Quichuas', '0907', '1'),
('090720', 'Andaymarca', '0907', '1'),
('090721', 'Roble', '0907', '1'),
('090722', 'Pichos', '0907', '1'),
('090723', 'Santiago de Tucuma', '0907', '1'),
('100101', 'Huanuco', '1001', '1'),
('100102', 'Amarilis', '1001', '1'),
('100103', 'Chinchao', '1001', '1'),
('100104', 'Churubamba', '1001', '1'),
('100105', 'Margos', '1001', '1'),
('100106', 'Quisqui (Kichki)', '1001', '1'),
('100107', 'San Francisco de Cayran', '1001', '1'),
('100108', 'San Pedro de Chaulan', '1001', '1'),
('100109', 'Santa María del Valle', '1001', '1'),
('100110', 'Yarumayo', '1001', '1'),
('100111', 'Pillco Marca', '1001', '1'),
('100112', 'Yacus', '1001', '1'),
('100113', 'San Pablo de Pillao', '1001', '1'),
('100201', 'Ambo', '1002', '1'),
('100202', 'Cayna', '1002', '1'),
('100203', 'Colpas', '1002', '1'),
('100204', 'Conchamarca', '1002', '1'),
('100205', 'Huacar', '1002', '1'),
('100206', 'San Francisco', '1002', '1'),
('100207', 'San Rafael', '1002', '1'),
('100208', 'Tomay Kichwa', '1002', '1'),
('100301', 'La Unión', '1003', '1'),
('100307', 'Chuquis', '1003', '1'),
('100311', 'Marías', '1003', '1'),
('100313', 'Pachas', '1003', '1'),
('100316', 'Quivilla', '1003', '1'),
('100317', 'Ripan', '1003', '1'),
('100321', 'Shunqui', '1003', '1'),
('100322', 'Sillapata', '1003', '1'),
('100323', 'Yanas', '1003', '1'),
('100401', 'Huacaybamba', '1004', '1'),
('100402', 'Canchabamba', '1004', '1'),
('100403', 'Cochabamba', '1004', '1'),
('100404', 'Pinra', '1004', '1'),
('100501', 'Llata', '1005', '1'),
('100502', 'Arancay', '1005', '1'),
('100503', 'Chavín de Pariarca', '1005', '1'),
('100504', 'Jacas Grande', '1005', '1'),
('100505', 'Jircan', '1005', '1'),
('100506', 'Miraflores', '1005', '1'),
('100507', 'Monzón', '1005', '1'),
('100508', 'Punchao', '1005', '1'),
('100509', 'Puños', '1005', '1'),
('100510', 'Singa', '1005', '1'),
('100511', 'Tantamayo', '1005', '1'),
('100601', 'Rupa-Rupa', '1006', '1'),
('100602', 'Daniel Alomía Robles', '1006', '1'),
('100603', 'Hermílio Valdizan', '1006', '1'),
('100604', 'José Crespo y Castillo', '1006', '1'),
('100605', 'Luyando', '1006', '1'),
('100606', 'Mariano Damaso Beraun', '1006', '1'),
('100607', 'Pucayacu', '1006', '1'),
('100608', 'Castillo Grande', '1006', '1'),
('100609', 'Pueblo Nuevo', '1006', '1'),
('100610', 'Santo Domingo de Anda', '1006', '1'),
('100701', 'Huacrachuco', '1007', '1'),
('100702', 'Cholon', '1007', '1'),
('100703', 'San Buenaventura', '1007', '1'),
('100704', 'La Morada', '1007', '1'),
('100705', 'Santa Rosa de Alto Yanajanca', '1007', '1'),
('100801', 'Panao', '1008', '1'),
('100802', 'Chaglla', '1008', '1'),
('100803', 'Molino', '1008', '1'),
('100804', 'Umari', '1008', '1'),
('100901', 'Puerto Inca', '1009', '1'),
('100902', 'Codo del Pozuzo', '1009', '1'),
('100903', 'Honoria', '1009', '1'),
('100904', 'Tournavista', '1009', '1'),
('100905', 'Yuyapichis', '1009', '1'),
('101001', 'Jesús', '1010', '1'),
('101002', 'Baños', '1010', '1'),
('101003', 'Jivia', '1010', '1'),
('101004', 'Queropalca', '1010', '1'),
('101005', 'Rondos', '1010', '1'),
('101006', 'San Francisco de Asís', '1010', '1'),
('101007', 'San Miguel de Cauri', '1010', '1'),
('101101', 'Chavinillo', '1011', '1'),
('101102', 'Cahuac', '1011', '1'),
('101103', 'Chacabamba', '1011', '1'),
('101104', 'Aparicio Pomares', '1011', '1'),
('101105', 'Jacas Chico', '1011', '1'),
('101106', 'Obas', '1011', '1'),
('101107', 'Pampamarca', '1011', '1'),
('101108', 'Choras', '1011', '1'),
('110101', 'Ica', '1101', '1'),
('110102', 'La Tinguiña', '1101', '1'),
('110103', 'Los Aquijes', '1101', '1'),
('110104', 'Ocucaje', '1101', '1'),
('110105', 'Pachacutec', '1101', '1'),
('110106', 'Parcona', '1101', '1'),
('110107', 'Pueblo Nuevo', '1101', '1'),
('110108', 'Salas', '1101', '1'),
('110109', 'San José de Los Molinos', '1101', '1'),
('110110', 'San Juan Bautista', '1101', '1'),
('110111', 'Santiago', '1101', '1'),
('110112', 'Subtanjalla', '1101', '1'),
('110113', 'Tate', '1101', '1'),
('110114', 'Yauca del Rosario', '1101', '1'),
('110201', 'Chincha Alta', '1102', '1'),
('110202', 'Alto Laran', '1102', '1'),
('110203', 'Chavin', '1102', '1'),
('110204', 'Chincha Baja', '1102', '1'),
('110205', 'El Carmen', '1102', '1'),
('110206', 'Grocio Prado', '1102', '1'),
('110207', 'Pueblo Nuevo', '1102', '1'),
('110208', 'San Juan de Yanac', '1102', '1'),
('110209', 'San Pedro de Huacarpana', '1102', '1'),
('110210', 'Sunampe', '1102', '1'),
('110211', 'Tambo de Mora', '1102', '1'),
('110301', 'Nasca', '1103', '1'),
('110302', 'Changuillo', '1103', '1'),
('110303', 'El Ingenio', '1103', '1'),
('110304', 'Marcona', '1103', '1'),
('110305', 'Vista Alegre', '1103', '1'),
('110401', 'Palpa', '1104', '1'),
('110402', 'Llipata', '1104', '1'),
('110403', 'Río Grande', '1104', '1'),
('110404', 'Santa Cruz', '1104', '1'),
('110405', 'Tibillo', '1104', '1'),
('110501', 'Pisco', '1105', '1'),
('110502', 'Huancano', '1105', '1'),
('110503', 'Humay', '1105', '1'),
('110504', 'Independencia', '1105', '1'),
('110505', 'Paracas', '1105', '1'),
('110506', 'San Andrés', '1105', '1'),
('110507', 'San Clemente', '1105', '1'),
('110508', 'Tupac Amaru Inca', '1105', '1'),
('120101', 'Huancayo', '1201', '1'),
('120104', 'Carhuacallanga', '1201', '1'),
('120105', 'Chacapampa', '1201', '1'),
('120106', 'Chicche', '1201', '1'),
('120107', 'Chilca', '1201', '1'),
('120108', 'Chongos Alto', '1201', '1'),
('120111', 'Chupuro', '1201', '1'),
('120112', 'Colca', '1201', '1'),
('120113', 'Cullhuas', '1201', '1'),
('120114', 'El Tambo', '1201', '1'),
('120116', 'Huacrapuquio', '1201', '1'),
('120117', 'Hualhuas', '1201', '1'),
('120119', 'Huancan', '1201', '1'),
('120120', 'Huasicancha', '1201', '1'),
('120121', 'Huayucachi', '1201', '1'),
('120122', 'Ingenio', '1201', '1'),
('120124', 'Pariahuanca', '1201', '1'),
('120125', 'Pilcomayo', '1201', '1'),
('120126', 'Pucara', '1201', '1'),
('120127', 'Quichuay', '1201', '1'),
('120128', 'Quilcas', '1201', '1'),
('120129', 'San Agustín', '1201', '1'),
('120130', 'San Jerónimo de Tunan', '1201', '1'),
('120132', 'Saño', '1201', '1'),
('120133', 'Sapallanga', '1201', '1'),
('120134', 'Sicaya', '1201', '1'),
('120135', 'Santo Domingo de Acobamba', '1201', '1'),
('120136', 'Viques', '1201', '1'),
('120201', 'Concepción', '1202', '1'),
('120202', 'Aco', '1202', '1'),
('120203', 'Andamarca', '1202', '1'),
('120204', 'Chambara', '1202', '1'),
('120205', 'Cochas', '1202', '1'),
('120206', 'Comas', '1202', '1'),
('120207', 'Heroínas Toledo', '1202', '1'),
('120208', 'Manzanares', '1202', '1'),
('120209', 'Mariscal Castilla', '1202', '1'),
('120210', 'Matahuasi', '1202', '1'),
('120211', 'Mito', '1202', '1'),
('120212', 'Nueve de Julio', '1202', '1'),
('120213', 'Orcotuna', '1202', '1'),
('120214', 'San José de Quero', '1202', '1'),
('120215', 'Santa Rosa de Ocopa', '1202', '1'),
('120301', 'Chanchamayo', '1203', '1'),
('120302', 'Perene', '1203', '1'),
('120303', 'Pichanaqui', '1203', '1'),
('120304', 'San Luis de Shuaro', '1203', '1'),
('120305', 'San Ramón', '1203', '1'),
('120306', 'Vitoc', '1203', '1'),
('120401', 'Jauja', '1204', '1'),
('120402', 'Acolla', '1204', '1'),
('120403', 'Apata', '1204', '1'),
('120404', 'Ataura', '1204', '1'),
('120405', 'Canchayllo', '1204', '1'),
('120406', 'Curicaca', '1204', '1'),
('120407', 'El Mantaro', '1204', '1'),
('120408', 'Huamali', '1204', '1'),
('120409', 'Huaripampa', '1204', '1'),
('120410', 'Huertas', '1204', '1'),
('120411', 'Janjaillo', '1204', '1'),
('120412', 'Julcán', '1204', '1'),
('120413', 'Leonor Ordóñez', '1204', '1'),
('120414', 'Llocllapampa', '1204', '1'),
('120415', 'Marco', '1204', '1'),
('120416', 'Masma', '1204', '1'),
('120417', 'Masma Chicche', '1204', '1'),
('120418', 'Molinos', '1204', '1'),
('120419', 'Monobamba', '1204', '1'),
('120420', 'Muqui', '1204', '1'),
('120421', 'Muquiyauyo', '1204', '1'),
('120422', 'Paca', '1204', '1'),
('120423', 'Paccha', '1204', '1'),
('120424', 'Pancan', '1204', '1'),
('120425', 'Parco', '1204', '1'),
('120426', 'Pomacancha', '1204', '1'),
('120427', 'Ricran', '1204', '1'),
('120428', 'San Lorenzo', '1204', '1'),
('120429', 'San Pedro de Chunan', '1204', '1'),
('120430', 'Sausa', '1204', '1'),
('120431', 'Sincos', '1204', '1'),
('120432', 'Tunan Marca', '1204', '1'),
('120433', 'Yauli', '1204', '1'),
('120434', 'Yauyos', '1204', '1'),
('120501', 'Junin', '1205', '1'),
('120502', 'Carhuamayo', '1205', '1'),
('120503', 'Ondores', '1205', '1'),
('120504', 'Ulcumayo', '1205', '1'),
('120601', 'Satipo', '1206', '1'),
('120602', 'Coviriali', '1206', '1'),
('120603', 'Llaylla', '1206', '1'),
('120604', 'Mazamari', '1206', '1'),
('120605', 'Pampa Hermosa', '1206', '1'),
('120606', 'Pangoa', '1206', '1'),
('120607', 'Río Negro', '1206', '1'),
('120608', 'Río Tambo', '1206', '1'),
('120609', 'Vizcatan del Ene', '1206', '1'),
('120701', 'Tarma', '1207', '1'),
('120702', 'Acobamba', '1207', '1'),
('120703', 'Huaricolca', '1207', '1'),
('120704', 'Huasahuasi', '1207', '1'),
('120705', 'La Unión', '1207', '1'),
('120706', 'Palca', '1207', '1'),
('120707', 'Palcamayo', '1207', '1'),
('120708', 'San Pedro de Cajas', '1207', '1'),
('120709', 'Tapo', '1207', '1'),
('120801', 'La Oroya', '1208', '1'),
('120802', 'Chacapalpa', '1208', '1'),
('120803', 'Huay-Huay', '1208', '1'),
('120804', 'Marcapomacocha', '1208', '1'),
('120805', 'Morococha', '1208', '1'),
('120806', 'Paccha', '1208', '1'),
('120807', 'Santa Bárbara de Carhuacayan', '1208', '1'),
('120808', 'Santa Rosa de Sacco', '1208', '1'),
('120809', 'Suitucancha', '1208', '1'),
('120810', 'Yauli', '1208', '1'),
('120901', 'Chupaca', '1209', '1'),
('120902', 'Ahuac', '1209', '1'),
('120903', 'Chongos Bajo', '1209', '1'),
('120904', 'Huachac', '1209', '1'),
('120905', 'Huamancaca Chico', '1209', '1'),
('120906', 'San Juan de Iscos', '1209', '1'),
('120907', 'San Juan de Jarpa', '1209', '1'),
('120908', 'Tres de Diciembre', '1209', '1'),
('120909', 'Yanacancha', '1209', '1'),
('130101', 'Trujillo', '1301', '1'),
('130102', 'El Porvenir', '1301', '1'),
('130103', 'Florencia de Mora', '1301', '1'),
('130104', 'Huanchaco', '1301', '1'),
('130105', 'La Esperanza', '1301', '1'),
('130106', 'Laredo', '1301', '1'),
('130107', 'Moche', '1301', '1'),
('130108', 'Poroto', '1301', '1'),
('130109', 'Salaverry', '1301', '1'),
('130110', 'Simbal', '1301', '1'),
('130111', 'Victor Larco Herrera', '1301', '1'),
('130201', 'Ascope', '1302', '1'),
('130202', 'Chicama', '1302', '1'),
('130203', 'Chocope', '1302', '1'),
('130204', 'Magdalena de Cao', '1302', '1'),
('130205', 'Paijan', '1302', '1'),
('130206', 'Rázuri', '1302', '1'),
('130207', 'Santiago de Cao', '1302', '1'),
('130208', 'Casa Grande', '1302', '1'),
('130301', 'Bolívar', '1303', '1'),
('130302', 'Bambamarca', '1303', '1'),
('130303', 'Condormarca', '1303', '1'),
('130304', 'Longotea', '1303', '1'),
('130305', 'Uchumarca', '1303', '1'),
('130306', 'Ucuncha', '1303', '1'),
('130401', 'Chepen', '1304', '1'),
('130402', 'Pacanga', '1304', '1'),
('130403', 'Pueblo Nuevo', '1304', '1'),
('130501', 'Julcan', '1305', '1'),
('130502', 'Calamarca', '1305', '1'),
('130503', 'Carabamba', '1305', '1'),
('130504', 'Huaso', '1305', '1'),
('130601', 'Otuzco', '1306', '1'),
('130602', 'Agallpampa', '1306', '1'),
('130604', 'Charat', '1306', '1'),
('130605', 'Huaranchal', '1306', '1'),
('130606', 'La Cuesta', '1306', '1'),
('130608', 'Mache', '1306', '1'),
('130610', 'Paranday', '1306', '1'),
('130611', 'Salpo', '1306', '1'),
('130613', 'Sinsicap', '1306', '1'),
('130614', 'Usquil', '1306', '1'),
('130701', 'San Pedro de Lloc', '1307', '1'),
('130702', 'Guadalupe', '1307', '1'),
('130703', 'Jequetepeque', '1307', '1'),
('130704', 'Pacasmayo', '1307', '1'),
('130705', 'San José', '1307', '1'),
('130801', 'Tayabamba', '1308', '1'),
('130802', 'Buldibuyo', '1308', '1'),
('130803', 'Chillia', '1308', '1'),
('130804', 'Huancaspata', '1308', '1'),
('130805', 'Huaylillas', '1308', '1'),
('130806', 'Huayo', '1308', '1'),
('130807', 'Ongon', '1308', '1'),
('130808', 'Parcoy', '1308', '1'),
('130809', 'Pataz', '1308', '1'),
('130810', 'Pias', '1308', '1'),
('130811', 'Santiago de Challas', '1308', '1'),
('130812', 'Taurija', '1308', '1'),
('130813', 'Urpay', '1308', '1'),
('130901', 'Huamachuco', '1309', '1'),
('130902', 'Chugay', '1309', '1'),
('130903', 'Cochorco', '1309', '1'),
('130904', 'Curgos', '1309', '1'),
('130905', 'Marcabal', '1309', '1'),
('130906', 'Sanagoran', '1309', '1'),
('130907', 'Sarin', '1309', '1'),
('130908', 'Sartimbamba', '1309', '1'),
('131001', 'Santiago de Chuco', '1310', '1'),
('131002', 'Angasmarca', '1310', '1'),
('131003', 'Cachicadan', '1310', '1'),
('131004', 'Mollebamba', '1310', '1'),
('131005', 'Mollepata', '1310', '1'),
('131006', 'Quiruvilca', '1310', '1'),
('131007', 'Santa Cruz de Chuca', '1310', '1'),
('131008', 'Sitabamba', '1310', '1'),
('131101', 'Cascas', '1311', '1'),
('131102', 'Lucma', '1311', '1'),
('131103', 'Marmot', '1311', '1'),
('131104', 'Sayapullo', '1311', '1'),
('131201', 'Viru', '1312', '1'),
('131202', 'Chao', '1312', '1'),
('131203', 'Guadalupito', '1312', '1'),
('140101', 'Chiclayo', '1401', '1'),
('140102', 'Chongoyape', '1401', '1'),
('140103', 'Eten', '1401', '1'),
('140104', 'Eten Puerto', '1401', '1'),
('140105', 'José Leonardo Ortiz', '1401', '1'),
('140106', 'La Victoria', '1401', '1'),
('140107', 'Lagunas', '1401', '1'),
('140108', 'Monsefu', '1401', '1'),
('140109', 'Nueva Arica', '1401', '1'),
('140110', 'Oyotun', '1401', '1'),
('140111', 'Picsi', '1401', '1'),
('140112', 'Pimentel', '1401', '1'),
('140113', 'Reque', '1401', '1'),
('140114', 'Santa Rosa', '1401', '1'),
('140115', 'Saña', '1401', '1'),
('140116', 'Cayalti', '1401', '1'),
('140117', 'Patapo', '1401', '1'),
('140118', 'Pomalca', '1401', '1'),
('140119', 'Pucala', '1401', '1'),
('140120', 'Tuman', '1401', '1'),
('140201', 'Ferreñafe', '1402', '1'),
('140202', 'Cañaris', '1402', '1'),
('140203', 'Incahuasi', '1402', '1'),
('140204', 'Manuel Antonio Mesones Muro', '1402', '1'),
('140205', 'Pitipo', '1402', '1'),
('140206', 'Pueblo Nuevo', '1402', '1'),
('140301', 'Lambayeque', '1403', '1'),
('140302', 'Chochope', '1403', '1'),
('140303', 'Illimo', '1403', '1'),
('140304', 'Jayanca', '1403', '1'),
('140305', 'Mochumi', '1403', '1'),
('140306', 'Morrope', '1403', '1'),
('140307', 'Motupe', '1403', '1'),
('140308', 'Olmos', '1403', '1'),
('140309', 'Pacora', '1403', '1'),
('140310', 'Salas', '1403', '1'),
('140311', 'San José', '1403', '1'),
('140312', 'Tucume', '1403', '1'),
('150101', 'Lima', '1501', '1'),
('150102', 'Ancón', '1501', '1'),
('150103', 'Ate', '1501', '1'),
('150104', 'Barranco', '1501', '1'),
('150105', 'Breña', '1501', '1'),
('150106', 'Carabayllo', '1501', '1'),
('150107', 'Chaclacayo', '1501', '1'),
('150108', 'Chorrillos', '1501', '1'),
('150109', 'Cieneguilla', '1501', '1'),
('150110', 'Comas', '1501', '1'),
('150111', 'El Agustino', '1501', '1'),
('150112', 'Independencia', '1501', '1'),
('150113', 'Jesús María', '1501', '1'),
('150114', 'La Molina', '1501', '1'),
('150115', 'La Victoria', '1501', '1'),
('150116', 'Lince', '1501', '1'),
('150117', 'Los Olivos', '1501', '1'),
('150118', 'Lurigancho', '1501', '1'),
('150119', 'Lurin', '1501', '1'),
('150120', 'Magdalena del Mar', '1501', '1'),
('150121', 'Pueblo Libre', '1501', '1'),
('150122', 'Miraflores', '1501', '1'),
('150123', 'Pachacamac', '1501', '1'),
('150124', 'Pucusana', '1501', '1'),
('150125', 'Puente Piedra', '1501', '1'),
('150126', 'Punta Hermosa', '1501', '1'),
('150127', 'Punta Negra', '1501', '1'),
('150128', 'Rímac', '1501', '1'),
('150129', 'San Bartolo', '1501', '1'),
('150130', 'San Borja', '1501', '1'),
('150131', 'San Isidro', '1501', '1'),
('150132', 'San Juan de Lurigancho', '1501', '1'),
('150133', 'San Juan de Miraflores', '1501', '1'),
('150134', 'San Luis', '1501', '1'),
('150135', 'San Martín de Porres', '1501', '1'),
('150136', 'San Miguel', '1501', '1'),
('150137', 'Santa Anita', '1501', '1'),
('150138', 'Santa María del Mar', '1501', '1'),
('150139', 'Santa Rosa', '1501', '1'),
('150140', 'Santiago de Surco', '1501', '1'),
('150141', 'Surquillo', '1501', '1'),
('150142', 'Villa El Salvador', '1501', '1'),
('150143', 'Villa María del Triunfo', '1501', '1'),
('150201', 'Barranca', '1502', '1'),
('150202', 'Paramonga', '1502', '1'),
('150203', 'Pativilca', '1502', '1'),
('150204', 'Supe', '1502', '1'),
('150205', 'Supe Puerto', '1502', '1'),
('150301', 'Cajatambo', '1503', '1'),
('150302', 'Copa', '1503', '1'),
('150303', 'Gorgor', '1503', '1'),
('150304', 'Huancapon', '1503', '1'),
('150305', 'Manas', '1503', '1'),
('150401', 'Canta', '1504', '1'),
('150402', 'Arahuay', '1504', '1'),
('150403', 'Huamantanga', '1504', '1'),
('150404', 'Huaros', '1504', '1'),
('150405', 'Lachaqui', '1504', '1'),
('150406', 'San Buenaventura', '1504', '1'),
('150407', 'Santa Rosa de Quives', '1504', '1'),
('150501', 'San Vicente de Cañete', '1505', '1'),
('150502', 'Asia', '1505', '1'),
('150503', 'Calango', '1505', '1'),
('150504', 'Cerro Azul', '1505', '1'),
('150505', 'Chilca', '1505', '1'),
('150506', 'Coayllo', '1505', '1'),
('150507', 'Imperial', '1505', '1'),
('150508', 'Lunahuana', '1505', '1'),
('150509', 'Mala', '1505', '1'),
('150510', 'Nuevo Imperial', '1505', '1'),
('150511', 'Pacaran', '1505', '1'),
('150512', 'Quilmana', '1505', '1'),
('150513', 'San Antonio', '1505', '1'),
('150514', 'San Luis', '1505', '1'),
('150515', 'Santa Cruz de Flores', '1505', '1'),
('150516', 'Zúñiga', '1505', '1'),
('150601', 'Huaral', '1506', '1'),
('150602', 'Atavillos Alto', '1506', '1'),
('150603', 'Atavillos Bajo', '1506', '1'),
('150604', 'Aucallama', '1506', '1'),
('150605', 'Chancay', '1506', '1'),
('150606', 'Ihuari', '1506', '1'),
('150607', 'Lampian', '1506', '1'),
('150608', 'Pacaraos', '1506', '1'),
('150609', 'San Miguel de Acos', '1506', '1'),
('150610', 'Santa Cruz de Andamarca', '1506', '1'),
('150611', 'Sumbilca', '1506', '1'),
('150612', 'Veintisiete de Noviembre', '1506', '1'),
('150701', 'Matucana', '1507', '1'),
('150702', 'Antioquia', '1507', '1'),
('150703', 'Callahuanca', '1507', '1'),
('150704', 'Carampoma', '1507', '1'),
('150705', 'Chicla', '1507', '1'),
('150706', 'Cuenca', '1507', '1'),
('150707', 'Huachupampa', '1507', '1'),
('150708', 'Huanza', '1507', '1'),
('150709', 'Huarochiri', '1507', '1'),
('150710', 'Lahuaytambo', '1507', '1'),
('150711', 'Langa', '1507', '1'),
('150712', 'Laraos', '1507', '1'),
('150713', 'Mariatana', '1507', '1'),
('150714', 'Ricardo Palma', '1507', '1'),
('150715', 'San Andrés de Tupicocha', '1507', '1'),
('150716', 'San Antonio', '1507', '1'),
('150717', 'San Bartolomé', '1507', '1'),
('150718', 'San Damian', '1507', '1'),
('150719', 'San Juan de Iris', '1507', '1'),
('150720', 'San Juan de Tantaranche', '1507', '1'),
('150721', 'San Lorenzo de Quinti', '1507', '1'),
('150722', 'San Mateo', '1507', '1'),
('150723', 'San Mateo de Otao', '1507', '1'),
('150724', 'San Pedro de Casta', '1507', '1'),
('150725', 'San Pedro de Huancayre', '1507', '1'),
('150726', 'Sangallaya', '1507', '1'),
('150727', 'Santa Cruz de Cocachacra', '1507', '1'),
('150728', 'Santa Eulalia', '1507', '1'),
('150729', 'Santiago de Anchucaya', '1507', '1'),
('150730', 'Santiago de Tuna', '1507', '1'),
('150731', 'Santo Domingo de Los Olleros', '1507', '1'),
('150732', 'Surco', '1507', '1'),
('150801', 'Huacho', '1508', '1'),
('150802', 'Ambar', '1508', '1'),
('150803', 'Caleta de Carquin', '1508', '1'),
('150804', 'Checras', '1508', '1'),
('150805', 'Hualmay', '1508', '1'),
('150806', 'Huaura', '1508', '1'),
('150807', 'Leoncio Prado', '1508', '1'),
('150808', 'Paccho', '1508', '1'),
('150809', 'Santa Leonor', '1508', '1'),
('150810', 'Santa María', '1508', '1'),
('150811', 'Sayan', '1508', '1'),
('150812', 'Vegueta', '1508', '1'),
('150901', 'Oyon', '1509', '1'),
('150902', 'Andajes', '1509', '1'),
('150903', 'Caujul', '1509', '1'),
('150904', 'Cochamarca', '1509', '1'),
('150905', 'Navan', '1509', '1'),
('150906', 'Pachangara', '1509', '1'),
('151001', 'Yauyos', '1510', '1'),
('151002', 'Alis', '1510', '1'),
('151003', 'Allauca', '1510', '1'),
('151004', 'Ayaviri', '1510', '1'),
('151005', 'Azángaro', '1510', '1'),
('151006', 'Cacra', '1510', '1'),
('151007', 'Carania', '1510', '1'),
('151008', 'Catahuasi', '1510', '1'),
('151009', 'Chocos', '1510', '1'),
('151010', 'Cochas', '1510', '1'),
('151011', 'Colonia', '1510', '1'),
('151012', 'Hongos', '1510', '1'),
('151013', 'Huampara', '1510', '1'),
('151014', 'Huancaya', '1510', '1'),
('151015', 'Huangascar', '1510', '1'),
('151016', 'Huantan', '1510', '1'),
('151017', 'Huañec', '1510', '1'),
('151018', 'Laraos', '1510', '1'),
('151019', 'Lincha', '1510', '1'),
('151020', 'Madean', '1510', '1'),
('151021', 'Miraflores', '1510', '1'),
('151022', 'Omas', '1510', '1'),
('151023', 'Putinza', '1510', '1'),
('151024', 'Quinches', '1510', '1'),
('151025', 'Quinocay', '1510', '1'),
('151026', 'San Joaquín', '1510', '1'),
('151027', 'San Pedro de Pilas', '1510', '1'),
('151028', 'Tanta', '1510', '1'),
('151029', 'Tauripampa', '1510', '1'),
('151030', 'Tomas', '1510', '1'),
('151031', 'Tupe', '1510', '1'),
('151032', 'Viñac', '1510', '1'),
('151033', 'Vitis', '1510', '1'),
('160101', 'Iquitos', '1601', '1'),
('160102', 'Alto Nanay', '1601', '1'),
('160103', 'Fernando Lores', '1601', '1'),
('160104', 'Indiana', '1601', '1'),
('160105', 'Las Amazonas', '1601', '1'),
('160106', 'Mazan', '1601', '1'),
('160107', 'Napo', '1601', '1'),
('160108', 'Punchana', '1601', '1'),
('160110', 'Torres Causana', '1601', '1'),
('160112', 'Belén', '1601', '1'),
('160113', 'San Juan Bautista', '1601', '1'),
('160201', 'Yurimaguas', '1602', '1'),
('160202', 'Balsapuerto', '1602', '1'),
('160205', 'Jeberos', '1602', '1'),
('160206', 'Lagunas', '1602', '1'),
('160210', 'Santa Cruz', '1602', '1'),
('160211', 'Teniente Cesar López Rojas', '1602', '1'),
('160301', 'Nauta', '1603', '1'),
('160302', 'Parinari', '1603', '1'),
('160303', 'Tigre', '1603', '1'),
('160304', 'Trompeteros', '1603', '1'),
('160305', 'Urarinas', '1603', '1'),
('160401', 'Ramón Castilla', '1604', '1'),
('160402', 'Pebas', '1604', '1'),
('160403', 'Yavari', '1604', '1'),
('160404', 'San Pablo', '1604', '1'),
('160501', 'Requena', '1605', '1'),
('160502', 'Alto Tapiche', '1605', '1'),
('160503', 'Capelo', '1605', '1'),
('160504', 'Emilio San Martín', '1605', '1'),
('160505', 'Maquia', '1605', '1'),
('160506', 'Puinahua', '1605', '1'),
('160507', 'Saquena', '1605', '1'),
('160508', 'Soplin', '1605', '1'),
('160509', 'Tapiche', '1605', '1'),
('160510', 'Jenaro Herrera', '1605', '1'),
('160511', 'Yaquerana', '1605', '1'),
('160601', 'Contamana', '1606', '1'),
('160602', 'Inahuaya', '1606', '1'),
('160603', 'Padre Márquez', '1606', '1'),
('160604', 'Pampa Hermosa', '1606', '1'),
('160605', 'Sarayacu', '1606', '1'),
('160606', 'Vargas Guerra', '1606', '1'),
('160701', 'Barranca', '1607', '1'),
('160702', 'Cahuapanas', '1607', '1'),
('160703', 'Manseriche', '1607', '1'),
('160704', 'Morona', '1607', '1'),
('160705', 'Pastaza', '1607', '1'),
('160706', 'Andoas', '1607', '1'),
('160801', 'Putumayo', '1608', '1'),
('160802', 'Rosa Panduro', '1608', '1'),
('160803', 'Teniente Manuel Clavero', '1608', '1'),
('160804', 'Yaguas', '1608', '1'),
('170101', 'Tambopata', '1701', '1'),
('170102', 'Inambari', '1701', '1'),
('170103', 'Las Piedras', '1701', '1'),
('170104', 'Laberinto', '1701', '1'),
('170201', 'Manu', '1702', '1'),
('170202', 'Fitzcarrald', '1702', '1'),
('170203', 'Madre de Dios', '1702', '1'),
('170204', 'Huepetuhe', '1702', '1'),
('170301', 'Iñapari', '1703', '1'),
('170302', 'Iberia', '1703', '1'),
('170303', 'Tahuamanu', '1703', '1'),
('180101', 'Moquegua', '1801', '1'),
('180102', 'Carumas', '1801', '1'),
('180103', 'Cuchumbaya', '1801', '1'),
('180104', 'Samegua', '1801', '1'),
('180105', 'San Cristóbal', '1801', '1'),
('180106', 'Torata', '1801', '1'),
('180201', 'Omate', '1802', '1'),
('180202', 'Chojata', '1802', '1'),
('180203', 'Coalaque', '1802', '1'),
('180204', 'Ichuña', '1802', '1'),
('180205', 'La Capilla', '1802', '1'),
('180206', 'Lloque', '1802', '1'),
('180207', 'Matalaque', '1802', '1'),
('180208', 'Puquina', '1802', '1'),
('180209', 'Quinistaquillas', '1802', '1'),
('180210', 'Ubinas', '1802', '1'),
('180211', 'Yunga', '1802', '1'),
('180301', 'Ilo', '1803', '1'),
('180302', 'El Algarrobal', '1803', '1'),
('180303', 'Pacocha', '1803', '1'),
('190101', 'Chaupimarca', '1901', '1'),
('190102', 'Huachon', '1901', '1'),
('190103', 'Huariaca', '1901', '1'),
('190104', 'Huayllay', '1901', '1'),
('190105', 'Ninacaca', '1901', '1'),
('190106', 'Pallanchacra', '1901', '1'),
('190107', 'Paucartambo', '1901', '1'),
('190108', 'San Francisco de Asís de Yarusyacan', '1901', '1'),
('190109', 'Simon Bolívar', '1901', '1'),
('190110', 'Ticlacayan', '1901', '1'),
('190111', 'Tinyahuarco', '1901', '1'),
('190112', 'Vicco', '1901', '1'),
('190113', 'Yanacancha', '1901', '1'),
('190201', 'Yanahuanca', '1902', '1'),
('190202', 'Chacayan', '1902', '1'),
('190203', 'Goyllarisquizga', '1902', '1'),
('190204', 'Paucar', '1902', '1'),
('190205', 'San Pedro de Pillao', '1902', '1'),
('190206', 'Santa Ana de Tusi', '1902', '1'),
('190207', 'Tapuc', '1902', '1'),
('190208', 'Vilcabamba', '1902', '1'),
('190301', 'Oxapampa', '1903', '1'),
('190302', 'Chontabamba', '1903', '1'),
('190303', 'Huancabamba', '1903', '1'),
('190304', 'Palcazu', '1903', '1'),
('190305', 'Pozuzo', '1903', '1'),
('190306', 'Puerto Bermúdez', '1903', '1'),
('190307', 'Villa Rica', '1903', '1'),
('190308', 'Constitución', '1903', '1'),
('200101', 'Piura', '2001', '1'),
('200104', 'Castilla', '2001', '1'),
('200105', 'Catacaos', '2001', '1'),
('200107', 'Cura Mori', '2001', '1'),
('200108', 'El Tallan', '2001', '1'),
('200109', 'La Arena', '2001', '1'),
('200110', 'La Unión', '2001', '1'),
('200111', 'Las Lomas', '2001', '1'),
('200114', 'Tambo Grande', '2001', '1'),
('200115', 'Veintiseis de Octubre', '2001', '1'),
('200201', 'Ayabaca', '2002', '1'),
('200202', 'Frias', '2002', '1'),
('200203', 'Jilili', '2002', '1'),
('200204', 'Lagunas', '2002', '1'),
('200205', 'Montero', '2002', '1'),
('200206', 'Pacaipampa', '2002', '1'),
('200207', 'Paimas', '2002', '1'),
('200208', 'Sapillica', '2002', '1'),
('200209', 'Sicchez', '2002', '1'),
('200210', 'Suyo', '2002', '1'),
('200301', 'Huancabamba', '2003', '1'),
('200302', 'Canchaque', '2003', '1'),
('200303', 'El Carmen de la Frontera', '2003', '1'),
('200304', 'Huarmaca', '2003', '1'),
('200305', 'Lalaquiz', '2003', '1'),
('200306', 'San Miguel de El Faique', '2003', '1'),
('200307', 'Sondor', '2003', '1'),
('200308', 'Sondorillo', '2003', '1'),
('200401', 'Chulucanas', '2004', '1'),
('200402', 'Buenos Aires', '2004', '1'),
('200403', 'Chalaco', '2004', '1'),
('200404', 'La Matanza', '2004', '1'),
('200405', 'Morropon', '2004', '1'),
('200406', 'Salitral', '2004', '1'),
('200407', 'San Juan de Bigote', '2004', '1'),
('200408', 'Santa Catalina de Mossa', '2004', '1'),
('200409', 'Santo Domingo', '2004', '1'),
('200410', 'Yamango', '2004', '1'),
('200501', 'Paita', '2005', '1'),
('200502', 'Amotape', '2005', '1'),
('200503', 'Arenal', '2005', '1'),
('200504', 'Colan', '2005', '1'),
('200505', 'La Huaca', '2005', '1'),
('200506', 'Tamarindo', '2005', '1'),
('200507', 'Vichayal', '2005', '1'),
('200601', 'Sullana', '2006', '1'),
('200602', 'Bellavista', '2006', '1'),
('200603', 'Ignacio Escudero', '2006', '1'),
('200604', 'Lancones', '2006', '1'),
('200605', 'Marcavelica', '2006', '1'),
('200606', 'Miguel Checa', '2006', '1'),
('200607', 'Querecotillo', '2006', '1'),
('200608', 'Salitral', '2006', '1'),
('200701', 'Pariñas', '2007', '1'),
('200702', 'El Alto', '2007', '1'),
('200703', 'La Brea', '2007', '1'),
('200704', 'Lobitos', '2007', '1'),
('200705', 'Los Organos', '2007', '1'),
('200706', 'Mancora', '2007', '1'),
('200801', 'Sechura', '2008', '1'),
('200802', 'Bellavista de la Unión', '2008', '1'),
('200803', 'Bernal', '2008', '1'),
('200804', 'Cristo Nos Valga', '2008', '1'),
('200805', 'Vice', '2008', '1'),
('200806', 'Rinconada Llicuar', '2008', '1'),
('210101', 'Puno', '2101', '1'),
('210102', 'Acora', '2101', '1'),
('210103', 'Amantani', '2101', '1'),
('210104', 'Atuncolla', '2101', '1'),
('210105', 'Capachica', '2101', '1'),
('210106', 'Chucuito', '2101', '1'),
('210107', 'Coata', '2101', '1'),
('210108', 'Huata', '2101', '1'),
('210109', 'Mañazo', '2101', '1'),
('210110', 'Paucarcolla', '2101', '1'),
('210111', 'Pichacani', '2101', '1'),
('210112', 'Plateria', '2101', '1'),
('210113', 'San Antonio', '2101', '1'),
('210114', 'Tiquillaca', '2101', '1'),
('210115', 'Vilque', '2101', '1'),
('210201', 'Azángaro', '2102', '1'),
('210202', 'Achaya', '2102', '1'),
('210203', 'Arapa', '2102', '1'),
('210204', 'Asillo', '2102', '1'),
('210205', 'Caminaca', '2102', '1'),
('210206', 'Chupa', '2102', '1'),
('210207', 'José Domingo Choquehuanca', '2102', '1'),
('210208', 'Muñani', '2102', '1'),
('210209', 'Potoni', '2102', '1'),
('210210', 'Saman', '2102', '1'),
('210211', 'San Anton', '2102', '1'),
('210212', 'San José', '2102', '1'),
('210213', 'San Juan de Salinas', '2102', '1'),
('210214', 'Santiago de Pupuja', '2102', '1'),
('210215', 'Tirapata', '2102', '1'),
('210301', 'Macusani', '2103', '1'),
('210302', 'Ajoyani', '2103', '1'),
('210303', 'Ayapata', '2103', '1'),
('210304', 'Coasa', '2103', '1'),
('210305', 'Corani', '2103', '1'),
('210306', 'Crucero', '2103', '1'),
('210307', 'Ituata', '2103', '1'),
('210308', 'Ollachea', '2103', '1'),
('210309', 'San Gaban', '2103', '1'),
('210310', 'Usicayos', '2103', '1'),
('210401', 'Juli', '2104', '1'),
('210402', 'Desaguadero', '2104', '1'),
('210403', 'Huacullani', '2104', '1'),
('210404', 'Kelluyo', '2104', '1'),
('210405', 'Pisacoma', '2104', '1'),
('210406', 'Pomata', '2104', '1'),
('210407', 'Zepita', '2104', '1'),
('210501', 'Ilave', '2105', '1'),
('210502', 'Capazo', '2105', '1'),
('210503', 'Pilcuyo', '2105', '1'),
('210504', 'Santa Rosa', '2105', '1'),
('210505', 'Conduriri', '2105', '1'),
('210601', 'Huancane', '2106', '1'),
('210602', 'Cojata', '2106', '1'),
('210603', 'Huatasani', '2106', '1'),
('210604', 'Inchupalla', '2106', '1'),
('210605', 'Pusi', '2106', '1'),
('210606', 'Rosaspata', '2106', '1'),
('210607', 'Taraco', '2106', '1'),
('210608', 'Vilque Chico', '2106', '1'),
('210701', 'Lampa', '2107', '1'),
('210702', 'Cabanilla', '2107', '1'),
('210703', 'Calapuja', '2107', '1'),
('210704', 'Nicasio', '2107', '1'),
('210705', 'Ocuviri', '2107', '1'),
('210706', 'Palca', '2107', '1'),
('210707', 'Paratia', '2107', '1'),
('210708', 'Pucara', '2107', '1'),
('210709', 'Santa Lucia', '2107', '1'),
('210710', 'Vilavila', '2107', '1'),
('210801', 'Ayaviri', '2108', '1'),
('210802', 'Antauta', '2108', '1'),
('210803', 'Cupi', '2108', '1'),
('210804', 'Llalli', '2108', '1'),
('210805', 'Macari', '2108', '1'),
('210806', 'Nuñoa', '2108', '1'),
('210807', 'Orurillo', '2108', '1'),
('210808', 'Santa Rosa', '2108', '1'),
('210809', 'Umachiri', '2108', '1'),
('210901', 'Moho', '2109', '1'),
('210902', 'Conima', '2109', '1'),
('210903', 'Huayrapata', '2109', '1'),
('210904', 'Tilali', '2109', '1'),
('211001', 'Putina', '2110', '1'),
('211002', 'Ananea', '2110', '1'),
('211003', 'Pedro Vilca Apaza', '2110', '1'),
('211004', 'Quilcapuncu', '2110', '1'),
('211005', 'Sina', '2110', '1'),
('211101', 'Juliaca', '2111', '1'),
('211102', 'Cabana', '2111', '1'),
('211103', 'Cabanillas', '2111', '1'),
('211104', 'Caracoto', '2111', '1'),
('211105', 'San Miguel', '2111', '1'),
('211201', 'Sandia', '2112', '1'),
('211202', 'Cuyocuyo', '2112', '1'),
('211203', 'Limbani', '2112', '1'),
('211204', 'Patambuco', '2112', '1'),
('211205', 'Phara', '2112', '1'),
('211206', 'Quiaca', '2112', '1'),
('211207', 'San Juan del Oro', '2112', '1'),
('211208', 'Yanahuaya', '2112', '1'),
('211209', 'Alto Inambari', '2112', '1'),
('211210', 'San Pedro de Putina Punco', '2112', '1'),
('211301', 'Yunguyo', '2113', '1'),
('211302', 'Anapia', '2113', '1'),
('211303', 'Copani', '2113', '1'),
('211304', 'Cuturapi', '2113', '1'),
('211305', 'Ollaraya', '2113', '1'),
('211306', 'Tinicachi', '2113', '1'),
('211307', 'Unicachi', '2113', '1'),
('220101', 'Moyobamba', '2201', '1'),
('220102', 'Calzada', '2201', '1'),
('220103', 'Habana', '2201', '1'),
('220104', 'Jepelacio', '2201', '1'),
('220105', 'Soritor', '2201', '1'),
('220106', 'Yantalo', '2201', '1'),
('220201', 'Bellavista', '2202', '1'),
('220202', 'Alto Biavo', '2202', '1'),
('220203', 'Bajo Biavo', '2202', '1'),
('220204', 'Huallaga', '2202', '1'),
('220205', 'San Pablo', '2202', '1'),
('220206', 'San Rafael', '2202', '1'),
('220301', 'San José de Sisa', '2203', '1'),
('220302', 'Agua Blanca', '2203', '1'),
('220303', 'San Martín', '2203', '1'),
('220304', 'Santa Rosa', '2203', '1'),
('220305', 'Shatoja', '2203', '1'),
('220401', 'Saposoa', '2204', '1'),
('220402', 'Alto Saposoa', '2204', '1'),
('220403', 'El Eslabón', '2204', '1'),
('220404', 'Piscoyacu', '2204', '1'),
('220405', 'Sacanche', '2204', '1'),
('220406', 'Tingo de Saposoa', '2204', '1'),
('220501', 'Lamas', '2205', '1'),
('220502', 'Alonso de Alvarado', '2205', '1'),
('220503', 'Barranquita', '2205', '1'),
('220504', 'Caynarachi', '2205', '1'),
('220505', 'Cuñumbuqui', '2205', '1'),
('220506', 'Pinto Recodo', '2205', '1'),
('220507', 'Rumisapa', '2205', '1'),
('220508', 'San Roque de Cumbaza', '2205', '1'),
('220509', 'Shanao', '2205', '1'),
('220510', 'Tabalosos', '2205', '1'),
('220511', 'Zapatero', '2205', '1'),
('220601', 'Juanjuí', '2206', '1'),
('220602', 'Campanilla', '2206', '1'),
('220603', 'Huicungo', '2206', '1'),
('220604', 'Pachiza', '2206', '1'),
('220605', 'Pajarillo', '2206', '1'),
('220701', 'Picota', '2207', '1'),
('220702', 'Buenos Aires', '2207', '1'),
('220703', 'Caspisapa', '2207', '1'),
('220704', 'Pilluana', '2207', '1'),
('220705', 'Pucacaca', '2207', '1'),
('220706', 'San Cristóbal', '2207', '1'),
('220707', 'San Hilarión', '2207', '1'),
('220708', 'Shamboyacu', '2207', '1'),
('220709', 'Tingo de Ponasa', '2207', '1'),
('220710', 'Tres Unidos', '2207', '1'),
('220801', 'Rioja', '2208', '1'),
('220802', 'Awajun', '2208', '1'),
('220803', 'Elías Soplin Vargas', '2208', '1'),
('220804', 'Nueva Cajamarca', '2208', '1'),
('220805', 'Pardo Miguel', '2208', '1'),
('220806', 'Posic', '2208', '1'),
('220807', 'San Fernando', '2208', '1'),
('220808', 'Yorongos', '2208', '1'),
('220809', 'Yuracyacu', '2208', '1'),
('220901', 'Tarapoto', '2209', '1'),
('220902', 'Alberto Leveau', '2209', '1'),
('220903', 'Cacatachi', '2209', '1'),
('220904', 'Chazuta', '2209', '1'),
('220905', 'Chipurana', '2209', '1'),
('220906', 'El Porvenir', '2209', '1'),
('220907', 'Huimbayoc', '2209', '1'),
('220908', 'Juan Guerra', '2209', '1'),
('220909', 'La Banda de Shilcayo', '2209', '1'),
('220910', 'Morales', '2209', '1'),
('220911', 'Papaplaya', '2209', '1'),
('220912', 'San Antonio', '2209', '1'),
('220913', 'Sauce', '2209', '1'),
('220914', 'Shapaja', '2209', '1'),
('221001', 'Tocache', '2210', '1'),
('221002', 'Nuevo Progreso', '2210', '1'),
('221003', 'Polvora', '2210', '1'),
('221004', 'Shunte', '2210', '1'),
('221005', 'Uchiza', '2210', '1'),
('230101', 'Tacna', '2301', '1'),
('230102', 'Alto de la Alianza', '2301', '1'),
('230103', 'Calana', '2301', '1'),
('230104', 'Ciudad Nueva', '2301', '1'),
('230105', 'Inclan', '2301', '1'),
('230106', 'Pachia', '2301', '1'),
('230107', 'Palca', '2301', '1'),
('230108', 'Pocollay', '2301', '1'),
('230109', 'Sama', '2301', '1'),
('230110', 'Coronel Gregorio Albarracín Lanchipa', '2301', '1'),
('230111', 'La Yarada los Palos', '2301', '1'),
('230201', 'Candarave', '2302', '1'),
('230202', 'Cairani', '2302', '1'),
('230203', 'Camilaca', '2302', '1'),
('230204', 'Curibaya', '2302', '1'),
('230205', 'Huanuara', '2302', '1'),
('230206', 'Quilahuani', '2302', '1'),
('230301', 'Locumba', '2303', '1'),
('230302', 'Ilabaya', '2303', '1'),
('230303', 'Ite', '2303', '1'),
('230401', 'Tarata', '2304', '1'),
('230402', 'Héroes Albarracín', '2304', '1'),
('230403', 'Estique', '2304', '1'),
('230404', 'Estique-Pampa', '2304', '1'),
('230405', 'Sitajara', '2304', '1'),
('230406', 'Susapaya', '2304', '1'),
('230407', 'Tarucachi', '2304', '1'),
('230408', 'Ticaco', '2304', '1'),
('240101', 'Tumbes', '2401', '1'),
('240102', 'Corrales', '2401', '1'),
('240103', 'La Cruz', '2401', '1'),
('240104', 'Pampas de Hospital', '2401', '1'),
('240105', 'San Jacinto', '2401', '1'),
('240106', 'San Juan de la Virgen', '2401', '1'),
('240201', 'Zorritos', '2402', '1'),
('240202', 'Casitas', '2402', '1'),
('240203', 'Canoas de Punta Sal', '2402', '1'),
('240301', 'Zarumilla', '2403', '1'),
('240302', 'Aguas Verdes', '2403', '1'),
('240303', 'Matapalo', '2403', '1'),
('240304', 'Papayal', '2403', '1'),
('250101', 'Calleria', '2501', '1'),
('250102', 'Campoverde', '2501', '1'),
('250103', 'Iparia', '2501', '1'),
('250104', 'Masisea', '2501', '1'),
('250105', 'Yarinacocha', '2501', '1'),
('250106', 'Nueva Requena', '2501', '1'),
('250107', 'Manantay', '2501', '1'),
('250201', 'Raymondi', '2502', '1'),
('250202', 'Sepahua', '2502', '1'),
('250203', 'Tahuania', '2502', '1'),
('250204', 'Yurua', '2502', '1'),
('250301', 'Padre Abad', '2503', '1'),
('250302', 'Irazola', '2503', '1'),
('250303', 'Curimana', '2503', '1'),
('250304', 'Neshuya', '2503', '1'),
('250305', 'Alexander Von Humboldt', '2503', '1'),
('250401', 'Purus', '2504', '1');



CREATE TABLE alumnos
(
	idalumno             INT AUTO_INCREMENT ,
	iddistrito           INT  NOT NULL,
	codigoalumno         CHAR(10) NOT NULL,
	dni                  CHAR(8) NOT NULL,
	apellidos            VARCHAR(50) NOT NULL,
	nombres              VARCHAR(50) NOT NULL,
	sexo                 VARCHAR(50) NOT NULL,
	fechanacimiento      DATE NOT NULL,
	lenguamaterna        VARCHAR(50) NOT NULL,
	estadocivil          VARCHAR(50) NULL,
	religion             VARCHAR(50) NULL,
	colegioprocedencia   VARCHAR(50) NOT NULL,
	direccion            VARCHAR(50) NOT NULL,
	telefono             char(9) NULL,
	mediotransporte      VARCHAR(50) NOT NULL,
	tiempodemora         INT NOT NULL,
	materialdomicilio    VARCHAR(30) NULL,
	energiaelectrica     VARCHAR(50) NULL,
	aguapotable          VARCHAR(50) NULL,
	desague              VARCHAR(50) NULL,
	sshh                 VARCHAR(50) NULL,
	numerohabitaciones   INT NULL,
	numerohabitantes     INT NULL,
	situacion            VARCHAR(50) NULL,
	estado               CHAR(1) NOT NULL,
	PRIMARY KEY (idalumno),
	FOREIGN KEY (iddistrito) REFERENCES distritos(iddistrito)
);

insert into alumnos values(null,'130101','1023478738','75748511','VALVERDE ROSAS','JUAN ALBERTO','MASCULINO','2002-01-21','CASTELLANO','SOLTERO','CATOLICA','SAN JUAN','Av. Húsares de Junín, 690','948367245','BUS','10','LADRILLO Y/O CEMENTO','INSTALACION DOMICILIARIA','INSTALACION COMPARTIDA','INSTALACION DOMICILIARIA','INODORO CON AGUA CORRIENTE','4','6','PROMOVIDO','1');
insert into alumnos values(null,'130601','1023478523','87563422','CALDERON MENDEZ','LUIS LEONNOR','MASCULINO','2015-05-11','CASTELLANO','SOLTERO','CATOLICA','JOSE OLAYA','Calle Santiago Huaco Medina','946745982','MOTO','8','LADRILLO','INSTALACION DOMICILIARIA','INSTALACION COMPARTIDA','INSTALACION PUBLICA','INODORO SIN AGUA CORRIENTE','5','6','PROMOVIDO','1');
insert into alumnos values(null,'061305','1023478620','29389444','ARENAS GUERRERO','PERLA ALEJANDRA','FEMENINO','2005-01-12','CASTELLANO','SOLTERO','CRISTIANA','MANUEL COX','3668 Williamson Course','946734829','TAXI','5','LADRILLO Y CEMENTO','INSTALACION PUBLICA','INSTALACION COMPARTIDA','INSTALACION DOMICILIARIA','INODORO CON AGUA CORRIENTE','5','10','RETIRADO','1');
insert into alumnos values(null,'060506','4552655064','70871474','MUÑOZ ION','JOSE LUIS','MASCULINO','2010-02-14','CASTELLANO','SOLTERO','CATOLICA','ALPAMAYO','761 Erdman Drive','921315345','MICRO','12','LADRILLO Y CEMENTO','INSTALACION DOMICILIARIA','INSTALACION COMPARTIDA','INSTALACION PUBLICA','INODORO CON AGUA CORRIENTE','6','10','EXPULSADO','1');
insert into alumnos values(null,'130502','2932436529','72188398','MORON SANCHEZ','FATIMA DALESHKA','FEMENINO','2002-03-11','CASTELLANO','SOLTERO','CRISTIANA','ANTONIO RAYMONDI','46170 Gudrun Via','934534323','TAXI','5','LADRILLO','INSTALACION PUBLICA','INSTALACION COMPARTIDA','INSTALACION DOMICILIARIA','INODORO SIN AGUA CORRIENTE','2','1','PROMOVIDO','1');
insert into alumnos values(null,'100703','7529127274','73590558','VINUESA TORRICO','SEBASTIAN ALEJANDRO','MASCULINO','2005-04-28','CASTELLANO','SOLTERO','CATOLICA','Cambridge College Lima','7362 A, Avenida','975545634','MICRO','10','CEMENTO','INSTALACION DOMICILIARIA','INSTALACION COMPARTIDA','INSTALACION DOMICILIARIA','INODORO CON AGUA CORRIENTE','3','2','PROMOVIDO','1');
insert into alumnos values(null,'090411','7123514087','75678691','GAITAN MARISCAL','MARIA CARMEN','FEMENINO','2013-05-11','CASTELLANO','SOLTERO','CRISTIANA','José Antonio Encinas','Avenida Argentina 6304','932942934','TAXI','4','CEMENTO','INSTALACION PUBLICA','INSTALACION COMPARTIDA','INSTALACION DOMICILIARIA','INODORO CON AGUA CORRIENTE','4','5','ACEPTADO','1');
insert into alumnos values(null,'220702','3563827930','70190949','CABALLERO ASENJO','IVAN','MASCULINO','2003-06-16','CASTELLANO','SOLTERO','CATOLICA','Markham College','Avenida Mexico 454','929355384','MICRO','12','LADRILLO Y CEMENTO','INSTALACION DOMICILIARIA','INSTALACION COMPARTIDA','INSTALACION DOMICILIARIA','INODORO SIN AGUA CORRIENTE','5','6','PROMOVIDO','1');
insert into alumnos values(null,'210307','5867636075','78412857','NEBOT ALBARRAN','LUISA MARGARITA','FEMENINO','2007-07-19','CASTELLANO','SOLTERO','CATOLICA','Martín Adán','Jiron Lino Cornejo 220  Int. 115','929389289','MOTO','20','CEMENTO','INSTALACION PUBLICA','INSTALACION COMPARTIDA','INSTALACION PUBLICA','INODORO SIN AGUA CORRIENTE','5','8','PROMOVIDO','1');
insert into alumnos values(null,'060312','7278530971','74011407','VALDES URIARTE','JAIME NAHUEL','MASCULINO','2001-04-10','CASTELLANO','SOLTERO','CRISTIANA','Martín Adán','Mz H LT 16  APV EL PRADO','994995934','MICRO','20','CEMENTO','INSTALACION DOMICILIARIA','INSTALACION COMPARTIDA','INSTALACION DOMICILIARIA','INODORO CON AGUA CORRIENTE','3','2','ACEPTADO','1');
insert into alumnos values(null,'021707','4866774382','75392595','CAMARASA GUAL','MARIA VICTORIA','FEMENINO','2009-02-19','CASTELLANO','SOLTERO','CATOLICA','Pestalozzi','Calle Z 350  Urb. Santa Rosa de Surco','987329685','MICRO','30','LADRILLO Y CEMENTO','INSTALACION PUBLICA','INSTALACION COMPARTIDA','INSTALACION DOMICILIARIA','INODORO SIN AGUA CORRIENTE','4','3','EXPULSADO','1');
insert into alumnos values(null,'200206','5006551755','71063005','PALOMINO GASCO','JOSE ANGEL','MASCULINO','2011-06-20','CASTELLANO','SOLTERO','CRISTIANA','San Ignacio de Recalde','Calle Paz Soldán 323  Miraflores','985936498','MICRO','45','CEMENTO','INSTALACION PUBLICA','INSTALACION COMPARTIDA','INSTALACION DOMICILIARIA','INODORO CON AGUA CORRIENTE','5','3','PROMOVIDO','1');
insert into alumnos values(null,'030610','2287255619','77906641','QUINTANA CABALLERO','MARIA JESUS','FEMENINO','2012-08-21','CASTELLANO','SOLTERO','CATOLICA','Santa Margarita','Calle 2 Mz. C  Urb. Industrial La Merced','9098763859','MOTO','10','LADRILLO Y CEMENTO','INSTALACION PUBLICA','INSTALACION COMPARTIDA','INSTALACION PUBLICA','INODORO SIN AGUA CORRIENTE','6','8','ACEPTADO','1');
insert into alumnos values(null,'140112','0953585511','76177780','BOU BERMUDEZ','CESAR MANUEL','MASCULINO','2018-04-22','CASTELLANO','SOLTERO','CRISTIANA','León Pinelo','Avenida Naciones Unidas 1729  Chacra Ríos Norte','965948702','MICRO','20','LADRILLO','INSTALACION DOMICILIARIA','INSTALACION COMPARTIDA','INSTALACION PUBLICA','INODORO SIN AGUA CORRIENTE','8','10','EXPULSADO','1');
insert into alumnos values(null,'150702','4792872916','71582383','RIOJA ESCOBEDO','LAURA ISABEL','FEMENINO','1998-09-23','CASTELLANO','SOLTERO','CATOLICA','Santa Úrsula','Avenida Colombia 465  Of. 402','946386097','TAXI','5','LADRILLO Y CEMENTO','INSTALACION DOMICILIARIA','INSTALACION COMPARTIDA','INSTALACION DOMICILIARIA','INODORO CON AGUA CORRIENTE','6','9','ACEPTADO','1');
insert into alumnos values(null,'061102','9268515392','70622504','ROIG ANTONIO','JOSEP FELIX','MASCULINO','2002-11-24','CASTELLANO','SOLTERO','CRISTIANA','Enrique Meiggs','AV. Benito Juarez 234','927586935','MICRO','15','LADRILLO Y CEMENTO','INSTALACION PUBLICA','INSTALACION COMPARTIDA','INSTALACION PUBLICA','INODORO SIN AGUA CORRIENTE','2','1','PROMOVIDO','1');
insert into alumnos values(null,'090615','4349552284','79059941','ALIAGA TORRENTE','ROSA MONICA','FEMENINO','2008-12-25','CASTELLANO','SOLTERO','CATOLICA','San José','Chancay cdra 2','9896758434','MICRO','25','LADRILLO','INSTALACION PUBLICA','INSTALACION COMPARTIDA','INSTALACION DOMICILIARIA','INODORO CON AGUA CORRIENTE','3','3','ACEPTADO','1');
insert into alumnos values(null,'200502','3777280161','77190125','OJEDA ROSALES','JUAN MANUEL','MASCULINO','2016-07-18','CASTELLANO','SOLTERO','CATOLICA','JUAN XXIII','Av. 5 lt 16 parque Indutrial','985689340','TAXI','15','LADRILLO Y CEMENTO','INSTALACION DOMICILIARIA','INSTALACION COMPARTIDA','INSTALACION DOMICILIARIA','INODORO CON AGUA CORRIENTE','6','4','PROMOVIDO','1');
insert into alumnos values(null,'130608','5971891286','73629081','VILLALBA PINTADO','ANDREA ELENA','FEMENINO','2017-08-11','CASTELLANO','SOLTERO','CRISTIANA','Franklin D. Roosevelt','Chocrane 269','954637852','MOTO','10','LADRILLO ','INSTALACION DOMICILIARIA','INSTALACION COMPARTIDA','INSTALACION PUBLICA','INODORO SIN AGUA CORRIENTE','3','2','ACEPTADO','1');
insert into alumnos values(null,'120801','7999534640','77669030','CORONEL ARREBOLA','JUAN LUIS','MASCULINO','2014-010-10','CASTELLANO','SOLTERO','CATOLICA','CLARETIANO','Juan Pablo 475','923425446','MOTO','10','CEMENTO','INSTALACION PUBLICA','INSTALACION COMPARTIDA','INSTALACION DOMICILIARIA','INODORO SIN AGUA CORRIENTE','5','7','EXPULSADO','1');

  
CREATE TABLE grados
(
	idgrado              INT AUTO_INCREMENT ,
	grado                VARCHAR(30) NOT NULL,
	idnivel              INT NOT NULL,
	estado               CHAR(1) NOT NULL,
    PRIMARY KEY (idgrado),
    FOREIGN KEY (idnivel) REFERENCES niveles(idnivel)
);

insert into grados (idgrado,grado,idnivel,estado) values(null,'PRIMERO DE SECUNDARIA',3,1),(null,'SEGUNDO DE SECUNDARIA',3,1),(null,'TERCERO DE SECUNDARIA',3,1),(null,'CUARTO DE SECUNDARIA',3,1),(null,'QUINTO DE SECUNDARIA',3,1);
insert into grados (idgrado,grado,idnivel,estado) values(null,'PRIMERO DE PRIMARIA',2,1),(null,'SEGUNDO DE PRIMARIA',2,1),(null,'TERCERO DE PRIMARIA',2,1),(null,'CUARTO DE PRIMARIA',2,1),(null,'QUINTO DE PRIMARIA',2,1),(null,'SEXTO DE PRIMARIA',2,1);
insert into grados (idgrado,grado,idnivel,estado) values(null,'3 AÑOS',1,1),(null,'4 AÑOS',1,1),(null,'5 AÑOS',1,1);
 
CREATE TABLE secciones
(
	idseccion            INT AUTO_INCREMENT ,
	seccion              CHAR(1) NOT NULL,
	estado               CHAR(1) NOT NULL,
	idgrado              INT NOT NULL,
	PRIMARY KEY (idseccion),
	FOREIGN KEY (idgrado) REFERENCES grados(idgrado)
);

insert into secciones (idseccion,seccion,estado,idgrado) values(null,'A',1,1),(null,'A',1,2),(null,'A',1,3),(null,'A',1,4),(null,'A',1,5);
insert into secciones (idseccion,seccion,estado,idgrado) values(null,'A',1,6),(null,'A',1,7),(null,'A',1,8),(null,'A',1,9),(null,'A',1,10),(null,'A',1,11);
insert into secciones (idseccion,seccion,estado,idgrado) values(null,'A',1,12),(null,'A',1,13),(null,'A',1,14);

 
CREATE TABLE cursos
(
	idgrado              INT NOT NULL,
	idcurso              INT AUTO_INCREMENT ,
	curso                VARCHAR(50) NOT NULL,
	estado               CHAR(1) NOT NULL,
	codigocurso          CHAR(2) NOT NULL,
	PRIMARY KEY (idcurso),
	FOREIGN KEY (idgrado) REFERENCES grados(idgrado)
);

insert into cursos (idgrado,idcurso,curso,estado,codigocurso) values('1',NULL,'MATEMATICA','1','MA'),('1',NULL,'COMUNICACION','1','CO'),('1',NULL,'CIENCIA TECNOLOGIA Y AMBIENTE','1','CT'),('1',NULL,'PERSONA FAMILIA Y RELACIONES HUMANAS','1','PH'),('1',NULL,'ARTE','1','AR'),('1',NULL,'HISTORIA Y GEOGRAFIA','1','HG'),('1',NULL,'EDUCACION FISICA','1','EF');
insert into cursos (idgrado,idcurso,curso,estado,codigocurso) values('2',NULL,'MATEMATICA','1','MA'),('2',NULL,'COMUNICACION','1','CO'),('2',NULL,'CIENCIA TECNOLOGIA Y AMBIENTE','1','CT'),('2',NULL,'PERSONA FAMILIA Y RELACIONES HUMANAS','1','PH'),('2',NULL,'ARTE','1','AR'),('2',NULL,'HISTORIA Y GEOGRAFIA','1','HG'),('2',NULL,'EDUCACION FISICA','1','EF');
insert into cursos (idgrado,idcurso,curso,estado,codigocurso) values('3',NULL,'MATEMATICA','1','MA'),('3',NULL,'COMUNICACION','1','CO'),('3',NULL,'CIENCIA TECNOLOGIA Y AMBIENTE','1','CT'),('3',NULL,'PERSONA FAMILIA Y RELACIONES HUMANAS','1','PH'),('3',NULL,'ARTE','1','AR'),('3',NULL,'HISTORIA Y GEOGRAFIA','1','HG'),('3',NULL,'EDUCACION FISICA','1','EF');
insert into cursos (idgrado,idcurso,curso,estado,codigocurso) values('4',NULL,'MATEMATICA','1','MA'),('4',NULL,'COMUNICACION','1','CO'),('4',NULL,'CIENCIA TECNOLOGIA Y AMBIENTE','1','CT'),('4',NULL,'PERSONA FAMILIA Y RELACIONES HUMANAS','1','PH'),('4',NULL,'ARTE','1','AR'),('4',NULL,'HISTORIA Y GEOGRAFIA','1','HG'),('4',NULL,'EDUCACION FISICA','1','EF');
insert into cursos (idgrado,idcurso,curso,estado,codigocurso) values('5',NULL,'MATEMATICA','1','MA'),('5',NULL,'COMUNICACION','1','CO'),('5',NULL,'CIENCIA TECNOLOGIA Y AMBIENTE','1','CT'),('5',NULL,'PERSONA FAMILIA Y RELACIONES HUMANAS','1','PH'),('5',NULL,'ARTE','1','AR'),('5',NULL,'HISTORIA Y GEOGRAFIA','1','HG'),('5',NULL,'EDUCACION FISICA','1','EF');

insert into cursos (idgrado,idcurso,curso,estado,codigocurso) values('6',NULL,'MATEMATICA','1','MA'),('6',NULL,'COMUNICACION','1','CO'),('6',NULL,'PERSONAL SOCIAL','1','CT'),('6',NULL,'CIENCIA Y AMBIENTE','1','PH'),('6',NULL,'ARTE','1','AR'),('6',NULL,'EDUCACION FISICA','1','EF');
insert into cursos (idgrado,idcurso,curso,estado,codigocurso) values('7',NULL,'MATEMATICA','1','MA'),('7',NULL,'COMUNICACION','1','CO'),('7',NULL,'PERSONAL SOCIAL','1','CT'),('7',NULL,'CIENCIA Y AMBIENTE','1','PH'),('7',NULL,'ARTE','1','AR'),('7',NULL,'EDUCACION FISICA','1','EF');
insert into cursos (idgrado,idcurso,curso,estado,codigocurso) values('8',NULL,'MATEMATICA','1','MA'),('8',NULL,'COMUNICACION','1','CO'),('8',NULL,'PERSONAL SOCIAL','1','CT'),('8',NULL,'CIENCIA Y AMBIENTE','1','PH'),('8',NULL,'ARTE','1','AR'),('8',NULL,'EDUCACION FISICA','1','EF');
insert into cursos (idgrado,idcurso,curso,estado,codigocurso) values('9',NULL,'MATEMATICA','1','MA'),('9',NULL,'COMUNICACION','1','CO'),('9',NULL,'PERSONAL SOCIAL','1','CT'),('9',NULL,'CIENCIA Y AMBIENTE','1','PH'),('9',NULL,'ARTE','1','AR'),('9',NULL,'EDUCACION FISICA','1','EF');
insert into cursos (idgrado,idcurso,curso,estado,codigocurso) values('10',NULL,'MATEMATICA','1','MA'),('10',NULL,'COMUNICACION','1','CO'),('10',NULL,'PERSONAL SOCIAL','1','CT'),('10',NULL,'CIENCIA Y AMBIENTE','1','PH'),('10',NULL,'ARTE','1','AR'),('10',NULL,'EDUCACION FISICA','1','EF');
insert into cursos (idgrado,idcurso,curso,estado,codigocurso) values('11',NULL,'MATEMATICA','1','MA'),('11',NULL,'COMUNICACION','1','CO'),('11',NULL,'PERSONAL SOCIAL','1','CT'),('11',NULL,'CIENCIA Y AMBIENTE','1','PH'),('11',NULL,'ARTE','1','AR'),('11',NULL,'EDUCACION FISICA','1','EF');
 
insert into cursos (idgrado,idcurso,curso,estado,codigocurso) values('12',NULL,'MATEMATICA','1','MA'),('12',NULL,'COMUNICACION','1','CO'),('12',NULL,'CIENCIA Y AMBIENTE','1','CA'),('12',NULL,'PERSONAL SOCIAL','1','CA');
insert into cursos (idgrado,idcurso,curso,estado,codigocurso) values('13',NULL,'MATEMATICA','1','MA'),('13',NULL,'COMUNICACION','1','CO'),('13',NULL,'CIENCIA Y AMBIENTE','1','CA'),('13',NULL,'PERSONAL SOCIAL','1','CA');
insert into cursos (idgrado,idcurso,curso,estado,codigocurso) values('14',NULL,'MATEMATICA','1','MA'),('14',NULL,'COMUNICACION','1','CO'),('14',NULL,'CIENCIA Y AMBIENTE','1','CA'),('14',NULL,'PERSONAL SOCIAL','1','CA');
  

CREATE TABLE capacidades
(
	idcurso              INT NOT NULL,
	idcapacidad          INT AUTO_INCREMENT ,
	capacidad            VARCHAR(50) NOT NULL,
	estado               CHAR(1) NOT NULL,
	PRIMARY KEY (idcapacidad),
	FOREIGN KEY (idcurso) REFERENCES cursos(idcurso)
);


insert into capacidades (idcurso,idcapacidad,capacidad,estado) values('1',NULL,'RAZONAMIENTO','1'),('1',NULL,'ANALISIS DE PROBLEMAS','1'),('1',NULL,'RESOLUCION DE PROBLEMAS','1'),('2',NULL,'COMPRENCION LECTORA','1'),('2',NULL,'ANALISIS DE TEXTOS','1'),('2',NULL,'CREACION DE TEXTOS','1'),('3',NULL,'INDAGA METODOS CIENTIFICOS','1'),('3',NULL,'SOLUCIONES TECNOLOGICAS','1'),('3',NULL,'COMPROMISO CON EL AMBIENTE','1'),('4',NULL,'RELACIONES INTERPERSONALES','1'),('4',NULL,'CONSTRUCCION DE LA AUTONOMIA','1'),('4',NULL,'DESENVOLVIMIENTO ETICO','1'),('5',NULL,'COMPROMISO CON EL ARTE','1'),('5',NULL,'DESEMPEÑO ARTISTICO','1'),('5',NULL,'APRECION ARTISTICA','1'),('6',NULL,'INTERPRETACIONES HISTORICAS','1'),('6',NULL,'RESPONSABILIDAD ECONOMICA','1'),('6',NULL,'COMPRENDE EL ESPACIO GEOGRAFICO','1'),('7',NULL,'DESEMPEÑO FISICO','1'),('7',NULL,'ACTITUD ANTE EL DEPORTE','1'),('7',NULL,'CONOCIMIENTO SOBRE LOS DEPORTES','1');
insert into capacidades (idcurso,idcapacidad,capacidad,estado) values('8',NULL,'RAZONAMIENTO','1'),('8',NULL,'ANALISIS DE PROBLEMAS','1'),('8',NULL,'RESOLUCION DE PROBLEMAS','1'),('9',NULL,'COMPRENCION LECTORA','1'),('9',NULL,'ANALISIS DE TEXTOS','1'),('9',NULL,'CREACION DE TEXTOS','1'),('10',NULL,'INDAGA METODOS CIENTIFICOS','1'),('10',NULL,'SOLUCIONES TECNOLOGICAS','1'),('10',NULL,'COMPROMISO CON EL AMBIENTE','1'),('11',NULL,'RELACIONES INTERPERSONALES','1'),('11',NULL,'CONSTRUCCION DE LA AUTONOMIA','1'),('11',NULL,'DESENVOLVIMIENTO ETICO','1'),('12',NULL,'COMPROMISO CON EL ARTE','1'),('12',NULL,'DESEMPEÑO ARTISTICO','1'),('12',NULL,'APRECION ARTISTICA','1'),('13',NULL,'INTERPRETACIONES HISTORICAS','1'),('13',NULL,'RESPONSABILIDAD ECONOMICA','1'),('13',NULL,'COMPRENDE EL ESPACIO GEOGRAFICO','1'),('14',NULL,'DESEMPEÑO FISICO','1'),('14',NULL,'ACTITUD ANTE EL DEPORTE','1'),('14',NULL,'CONOCIMIENTO SOBRE LOS DEPORTES','1');
insert into capacidades (idcurso,idcapacidad,capacidad,estado) values('15',NULL,'RAZONAMIENTO','1'),('15',NULL,'ANALISIS DE PROBLEMAS','1'),('15',NULL,'RESOLUCION DE PROBLEMAS','1'),('16',NULL,'COMPRENCION LECTORA','1'),('16',NULL,'ANALISIS DE TEXTOS','1'),('16',NULL,'CREACION DE TEXTOS','1'),('17',NULL,'INDAGA METODOS CIENTIFICOS','1'),('17',NULL,'SOLUCIONES TECNOLOGICAS','1'),('17',NULL,'COMPROMISO CON EL AMBIENTE','1'),('18',NULL,'RELACIONES INTERPERSONALES','1'),('18',NULL,'CONSTRUCCION DE LA AUTONOMIA','1'),('18',NULL,'DESENVOLVIMIENTO ETICO','1'),('19',NULL,'COMPROMISO CON EL ARTE','1'),('19',NULL,'DESEMPEÑO ARTISTICO','1'),('19',NULL,'APRECION ARTISTICA','1'),('20',NULL,'INTERPRETACIONES HISTORICAS','1'),('20',NULL,'RESPONSABILIDAD ECONOMICA','1'),('20',NULL,'COMPRENDE EL ESPACIO GEOGRAFICO','1'),('21',NULL,'DESEMPEÑO FISICO','1'),('21',NULL,'ACTITUD ANTE EL DEPORTE','1'),('21',NULL,'CONOCIMIENTO SOBRE LOS DEPORTES','1');
insert into capacidades (idcurso,idcapacidad,capacidad,estado) values('22',NULL,'RAZONAMIENTO','1'),('22',NULL,'ANALISIS DE PROBLEMAS','1'),('22',NULL,'RESOLUCION DE PROBLEMAS','1'),('23',NULL,'COMPRENCION LECTORA','1'),('23',NULL,'ANALISIS DE TEXTOS','1'),('23',NULL,'CREACION DE TEXTOS','1'),('24',NULL,'INDAGA METODOS CIENTIFICOS','1'),('24',NULL,'SOLUCIONES TECNOLOGICAS','1'),('24',NULL,'COMPROMISO CON EL AMBIENTE','1'),('25',NULL,'RELACIONES INTERPERSONALES','1'),('25',NULL,'CONSTRUCCION DE LA AUTONOMIA','1'),('25',NULL,'DESENVOLVIMIENTO ETICO','1'),('26',NULL,'COMPROMISO CON EL ARTE','1'),('26',NULL,'DESEMPEÑO ARTISTICO','1'),('26',NULL,'APRECION ARTISTICA','1'),('27',NULL,'INTERPRETACIONES HISTORICAS','1'),('27',NULL,'RESPONSABILIDAD ECONOMICA','1'),('27',NULL,'COMPRENDE EL ESPACIO GEOGRAFICO','1'),('28',NULL,'DESEMPEÑO FISICO','1'),('28',NULL,'ACTITUD ANTE EL DEPORTE','1'),('28',NULL,'CONOCIMIENTO SOBRE LOS DEPORTES','1');
insert into capacidades (idcurso,idcapacidad,capacidad,estado) values('29',NULL,'RAZONAMIENTO','1'),('29',NULL,'ANALISIS DE PROBLEMAS','1'),('29',NULL,'RESOLUCION DE PROBLEMAS','1'),('30',NULL,'COMPRENCION LECTORA','1'),('30',NULL,'ANALISIS DE TEXTOS','1'),('30',NULL,'CREACION DE TEXTOS','1'),('31',NULL,'INDAGA METODOS CIENTIFICOS','1'),('31',NULL,'SOLUCIONES TECNOLOGICAS','1'),('31',NULL,'COMPROMISO CON EL AMBIENTE','1'),('32',NULL,'RELACIONES INTERPERSONALES','1'),('32',NULL,'CONSTRUCCION DE LA AUTONOMIA','1'),('32',NULL,'DESENVOLVIMIENTO ETICO','1'),('33',NULL,'COMPROMISO CON EL ARTE','1'),('33',NULL,'DESEMPEÑO ARTISTICO','1'),('33',NULL,'APRECION ARTISTICA','1'),('34',NULL,'INTERPRETACIONES HISTORICAS','1'),('34',NULL,'RESPONSABILIDAD ECONOMICA','1'),('34',NULL,'COMPRENDE EL ESPACIO GEOGRAFICO','1'),('35',NULL,'DESEMPEÑO FISICO','1'),('35',NULL,'ACTITUD ANTE EL DEPORTE','1'),('35',NULL,'CONOCIMIENTO SOBRE LOS DEPORTES','1');

insert into capacidades (idcurso,idcapacidad,capacidad,estado) values('36',NULL,'RAZONAMIENTO','1'),('36',NULL,'ANALISIS DE PROBLEMAS','1'),('36',NULL,'RESOLUCION DE PROBLEMAS','1'),('37',NULL,'COMPRENCION LECTORA','1'),('37',NULL,'ANALISIS DE TEXTOS','1'),('37',NULL,'CREACION DE TEXTOS','1'),('38',NULL,'CONSTRUYE SU IDENTIDAD','1'),('38',NULL,'CONVIVE Y PARTICIPA','1'),('38',NULL,'GESTIONA EL AMBIENTE Y LA ECONOMIA','1'),('39',NULL,'CUIDA EL MEDIO AMBIENTE','1'),('39',NULL,'SE IDENTIFICA CON EL MEDIO AMBIENTE','1'),('39',NULL,'IDENTIFICA LA IMPORTANCIA DEL MEDIO AMBIENTE','1'),('40',NULL,'COMPROMISO CON EL ARTE','1'),('40',NULL,'DESEMPEÑO ARTISTICO','1'),('40',NULL,'APRECION ARTISTICA','1'),('41',NULL,'DESEMPEÑO FISICO','1'),('41',NULL,'ACTITUD ANTE EL DEPORTE','1'),('41',NULL,'CONOCIMIENTO SOBRE LOS DEPORTES','1');
insert into capacidades (idcurso,idcapacidad,capacidad,estado) values('42',NULL,'RAZONAMIENTO','1'),('42',NULL,'ANALISIS DE PROBLEMAS','1'),('42',NULL,'RESOLUCION DE PROBLEMAS','1'),('43',NULL,'COMPRENCION LECTORA','1'),('43',NULL,'ANALISIS DE TEXTOS','1'),('43',NULL,'CREACION DE TEXTOS','1'),('44',NULL,'CONSTRUYE SU IDENTIDAD','1'),('44',NULL,'CONVIVE Y PARTICIPA','1'),('44',NULL,'GESTIONA EL AMBIENTE Y LA ECONOMIA','1'),('45',NULL,'CUIDA EL MEDIO AMBIENTE','1'),('45',NULL,'SE IDENTIFICA CON EL MEDIO AMBIENTE','1'),('45',NULL,'IDENTIFICA LA IMPORTANCIA DEL MEDIO AMBIENTE','1'),('46',NULL,'COMPROMISO CON EL ARTE','1'),('46',NULL,'DESEMPEÑO ARTISTICO','1'),('46',NULL,'APRECION ARTISTICA','1'),('47',NULL,'DESEMPEÑO FISICO','1'),('47',NULL,'ACTITUD ANTE EL DEPORTE','1'),('47',NULL,'CONOCIMIENTO SOBRE LOS DEPORTES','1');
insert into capacidades (idcurso,idcapacidad,capacidad,estado) values('48',NULL,'RAZONAMIENTO','1'),('48',NULL,'ANALISIS DE PROBLEMAS','1'),('48',NULL,'RESOLUCION DE PROBLEMAS','1'),('49',NULL,'COMPRENCION LECTORA','1'),('49',NULL,'ANALISIS DE TEXTOS','1'),('49',NULL,'CREACION DE TEXTOS','1'),('50',NULL,'CONSTRUYE SU IDENTIDAD','1'),('50',NULL,'CONVIVE Y PARTICIPA','1'),('50',NULL,'GESTIONA EL AMBIENTE Y LA ECONOMIA','1'),('51',NULL,'CUIDA EL MEDIO AMBIENTE','1'),('51',NULL,'SE IDENTIFICA CON EL MEDIO AMBIENTE','1'),('51',NULL,'IDENTIFICA LA IMPORTANCIA DEL MEDIO AMBIENTE','1'),('52',NULL,'COMPROMISO CON EL ARTE','1'),('52',NULL,'DESEMPEÑO ARTISTICO','1'),('52',NULL,'APRECION ARTISTICA','1'),('53',NULL,'DESEMPEÑO FISICO','1'),('53',NULL,'ACTITUD ANTE EL DEPORTE','1'),('53',NULL,'CONOCIMIENTO SOBRE LOS DEPORTES','1');
insert into capacidades (idcurso,idcapacidad,capacidad,estado) values('54',NULL,'RAZONAMIENTO','1'),('54',NULL,'ANALISIS DE PROBLEMAS','1'),('54',NULL,'RESOLUCION DE PROBLEMAS','1'),('55',NULL,'COMPRENCION LECTORA','1'),('55',NULL,'ANALISIS DE TEXTOS','1'),('55',NULL,'CREACION DE TEXTOS','1'),('56',NULL,'CONSTRUYE SU IDENTIDAD','1'),('56',NULL,'CONVIVE Y PARTICIPA','1'),('56',NULL,'GESTIONA EL AMBIENTE Y LA ECONOMIA','1'),('57',NULL,'CUIDA EL MEDIO AMBIENTE','1'),('57',NULL,'SE IDENTIFICA CON EL MEDIO AMBIENTE','1'),('57',NULL,'IDENTIFICA LA IMPORTANCIA DEL MEDIO AMBIENTE','1'),('58',NULL,'COMPROMISO CON EL ARTE','1'),('58',NULL,'DESEMPEÑO ARTISTICO','1'),('58',NULL,'APRECION ARTISTICA','1'),('59',NULL,'DESEMPEÑO FISICO','1'),('59',NULL,'ACTITUD ANTE EL DEPORTE','1'),('59',NULL,'CONOCIMIENTO SOBRE LOS DEPORTES','1');
insert into capacidades (idcurso,idcapacidad,capacidad,estado) values('60',NULL,'RAZONAMIENTO','1'),('60',NULL,'ANALISIS DE PROBLEMAS','1'),('60',NULL,'RESOLUCION DE PROBLEMAS','1'),('61',NULL,'COMPRENCION LECTORA','1'),('61',NULL,'ANALISIS DE TEXTOS','1'),('61',NULL,'CREACION DE TEXTOS','1'),('62',NULL,'CONSTRUYE SU IDENTIDAD','1'),('62',NULL,'CONVIVE Y PARTICIPA','1'),('62',NULL,'GESTIONA EL AMBIENTE Y LA ECONOMIA','1'),('63',NULL,'CUIDA EL MEDIO AMBIENTE','1'),('63',NULL,'SE IDENTIFICA CON EL MEDIO AMBIENTE','1'),('63',NULL,'IDENTIFICA LA IMPORTANCIA DEL MEDIO AMBIENTE','1'),('64',NULL,'COMPROMISO CON EL ARTE','1'),('64',NULL,'DESEMPEÑO ARTISTICO','1'),('64',NULL,'APRECION ARTISTICA','1'),('65',NULL,'DESEMPEÑO FISICO','1'),('65',NULL,'ACTITUD ANTE EL DEPORTE','1'),('65',NULL,'CONOCIMIENTO SOBRE LOS DEPORTES','1');
insert into capacidades (idcurso,idcapacidad,capacidad,estado) values('66',NULL,'RAZONAMIENTO','1'),('66',NULL,'ANALISIS DE PROBLEMAS','1'),('66',NULL,'RESOLUCION DE PROBLEMAS','1'),('67',NULL,'COMPRENCION LECTORA','1'),('67',NULL,'ANALISIS DE TEXTOS','1'),('67',NULL,'CREACION DE TEXTOS','1'),('68',NULL,'CONSTRUYE SU IDENTIDAD','1'),('68',NULL,'CONVIVE Y PARTICIPA','1'),('68',NULL,'GESTIONA EL AMBIENTE Y LA ECONOMIA','1'),('69',NULL,'CUIDA EL MEDIO AMBIENTE','1'),('69',NULL,'SE IDENTIFICA CON EL MEDIO AMBIENTE','1'),('69',NULL,'IDENTIFICA LA IMPORTANCIA DEL MEDIO AMBIENTE','1'),('70',NULL,'COMPROMISO CON EL ARTE','1'),('70',NULL,'DESEMPEÑO ARTISTICO','1'),('70',NULL,'APRECION ARTISTICA','1'),('71',NULL,'DESEMPEÑO FISICO','1'),('71',NULL,'ACTITUD ANTE EL DEPORTE','1'),('71',NULL,'CONOCIMIENTO SOBRE LOS DEPORTES','1');

insert into capacidades (idcurso,idcapacidad,capacidad,estado) values('72',NULL,'RAZONAMIENTO','1'),('72',NULL,'ANALISIS DE PROBLEMAS','1'),('72',NULL,'RESOLUCION DE PROBLEMAS','1'),('73',NULL,'COMPRENCION LECTORA','1'),('73',NULL,'ANALISIS DE TEXTOS','1'),('73',NULL,'CREACION DE TEXTOS','1'),('74',NULL,'GESTIONA EL AMBIENTE Y LA ECONOMIA','1'),('74',NULL,'CUIDA EL MEDIO AMBIENTE','1'),('74',NULL,'SE IDENTIFICA CON EL MEDIO AMBIENTE','1'),('75',NULL,'CONSTRUYE SU IDENTIDAD','1'),('75',NULL,'CONVIVE Y PARTICIPA','1'),('75',NULL,'GESTIONA EL AMBIENTE Y LA ECONOMIA','1');
insert into capacidades (idcurso,idcapacidad,capacidad,estado) values('76',NULL,'RAZONAMIENTO','1'),('76',NULL,'ANALISIS DE PROBLEMAS','1'),('76',NULL,'RESOLUCION DE PROBLEMAS','1'),('77',NULL,'COMPRENCION LECTORA','1'),('77',NULL,'ANALISIS DE TEXTOS','1'),('77',NULL,'CREACION DE TEXTOS','1'),('78',NULL,'GESTIONA EL AMBIENTE Y LA ECONOMIA','1'),('78',NULL,'CUIDA EL MEDIO AMBIENTE','1'),('78',NULL,'SE IDENTIFICA CON EL MEDIO AMBIENTE','1'),('79',NULL,'CONSTRUYE SU IDENTIDAD','1'),('79',NULL,'CONVIVE Y PARTICIPA','1'),('79',NULL,'GESTIONA EL AMBIENTE Y LA ECONOMIA','1');
insert into capacidades (idcurso,idcapacidad,capacidad,estado) values('80',NULL,'RAZONAMIENTO','1'),('80',NULL,'ANALISIS DE PROBLEMAS','1'),('80',NULL,'RESOLUCION DE PROBLEMAS','1'),('81',NULL,'COMPRENCION LECTORA','1'),('81',NULL,'ANALISIS DE TEXTOS','1'),('81',NULL,'CREACION DE TEXTOS','1'),('82',NULL,'GESTIONA EL AMBIENTE Y LA ECONOMIA','1'),('82',NULL,'CUIDA EL MEDIO AMBIENTE','1'),('82',NULL,'SE IDENTIFICA CON EL MEDIO AMBIENTE','1'),('83',NULL,'CONSTRUYE SU IDENTIDAD','1'),('83',NULL,'CONVIVE Y PARTICIPA','1'),('83',NULL,'GESTIONA EL AMBIENTE Y LA ECONOMIA','1');

CREATE TABLE matriculas
(
	idalumno             INT NOT NULL,
	idperiodo            INT NOT NULL,
	idmatricula          INT AUTO_INCREMENT ,
	fecha                DATE NOT NULL,
	idseccion            INT NOT NULL,
	estado               CHAR(1) NOT NULL,
	PRIMARY KEY (idmatricula),
	FOREIGN KEY (idalumno) REFERENCES alumnos(idalumno),
	FOREIGN KEY (idperiodo) REFERENCES periodos(idperiodo),
	FOREIGN KEY (idseccion) REFERENCES secciones(idseccion)
);

insert into matriculas values('1','4',null,'2020/02/15','1','1');
insert into matriculas values('2','4',null,'2020/02/20','3','1');
insert into matriculas values('3','4',null,'2020/02/24','1','1');

CREATE TABLE detalle_catedra
(   id                   INT AUTO_INCREMENT ,
	idcurso              INT NOT NULL,
	idprofesor           INT NOT NULL,
	estado               CHAR(1) NOT NULL,
	PRIMARY KEY (id),
	FOREIGN KEY (idcurso) REFERENCES cursos(idcurso),
    FOREIGN KEY (idprofesor) REFERENCES profesores(idprofesor)
);
 
insert into detalle_catedra(id,idcurso,idprofesor,estado) values(null,'1','1','1'),(null,'2','2','1'),(null,'3','3','1'),(null,'4','4','1'),(null,'5','5','1'),(null,'6','6','1'),(null,'7','7','1'),(null,'8','1','1'),(null,'9','2','1'),(null,'10','3','1'),(null,'11','4','1'),(null,'12','5','1'),(null,'13','6','1'),(null,'14','7','1'),(null,'15','1','1'),(null,'16','2','1'),(null,'17','3','1'),(null,'18','4','1'),(null,'19','5','1'),(null,'20','6','1'),(null,'21','7','1'),(null,'22','1','1'),(null,'23','2','1'),(null,'24','3','1'),(null,'25','4','1'),(null,'26','5','1'),(null,'27','6','1'),(null,'28','7','1'),(null,'29','1','1'),(null,'30','2','1'),(null,'31','3','1'),(null,'32','4','1'),(null,'33','5','1'),(null,'34','6','1'),(null,'35','7','1');
insert into detalle_catedra(id,idcurso,idprofesor,estado) values(null,'36','8','1'),(null,'37','8','1'),(null,'38','8','1'),(null,'39','8','1'),(null,'40','8','1'),(null,'41','8','1'),(null,'42','9','1'),(null,'43','9','1'),(null,'44','9','1'),(null,'45','9','1'),(null,'46','9','1'),(null,'47','9','1'),(null,'48','10','1'),(null,'49','10','1'),(null,'50','10','1'),(null,'51','10','1'),(null,'52','10','1'),(null,'53','10','1'),(null,'54','11','1'),(null,'55','11','1'),(null,'56','11','1'),(null,'57','11','1'),(null,'58','11','1'),(null,'59','11','1'),(null,'60','12','1'),(null,'61','12','1'),(null,'62','12','1'),(null,'63','12','1'),(null,'64','12','1'),(null,'65','12','1'),(null,'66','13','1'),(null,'67','13','1'),(null,'68','13','1'),(null,'69','13','1'),(null,'70','13','1'),(null,'71','13','1');
insert into detalle_catedra(id,idcurso,idprofesor,estado) values(null,'72','14','1'),(null,'73','14','1'),(null,'74','14','1'),(null,'75','14','1'),(null,'76','15','1'),(null,'77','15','1'),(null,'78','15','1'),(null,'79','15','1'),(null,'80','16','1'),(null,'81','16','1'),(null,'82','16','1'),(null,'83','16','1');

 


CREATE TABLE notas
(
	idmatricula          INT NOT NULL,
	idcapacidad          INT NOT NULL,
	idnota               INT AUTO_INCREMENT,
	nota1                FLOAT NOT NULL,
	nota2                FLOAT NOT NULL,
	nota3                FLOAT NOT NULL,
	promedio             INT NOT NULL,
	estado               CHAR(1) NOT NULL,
	PRIMARY KEY (idnota),
	FOREIGN KEY (idmatricula) REFERENCES matriculas(idmatricula),
	FOREIGN KEY (idcapacidad) REFERENCES capacidades(idcapacidad)
);
 
 insert into notas values( '1','1',null,14,16,13,14,'1');
 insert into notas values( '1','2',null,15,16,14,15,'1');
 insert into notas values( '1','3',null,12,16,15,14,'1');
 insert into notas values( '1','4',null,11,12,13,12,'1');
 insert into notas values( '1','5',null,12,13,14,13,'1');
 insert into notas values( '1','6',null,10,11,12,11,'1');
 insert into notas values( '1','7',null,09,10,13,11,'1');
 insert into notas values( '1','8',null,14,08,13,12,'1');
 insert into notas values( '1','9',null,15,16,05,12,'1');
 insert into notas values( '1','10',null,14,16,13,14,'1');
 insert into notas values( '1','11',null,15,16,14,15,'1');
 insert into notas values( '1','12',null,12,16,15,14,'1');
 insert into notas values( '1','13',null,11,12,13,12,'1');
 insert into notas values( '1','14',null,12,13,14,13,'1');
 insert into notas values( '1','15',null,10,11,12,11,'1');
 insert into notas values( '1','16',null,09,10,13,11,'1');
 insert into notas values( '1','17',null,14,08,13,12,'1');
 insert into notas values( '1','18',null,15,16,05,12,'1');



create procedure alumnosxgrados()
select g.grado as grado,
	 
	 count(m.idalumno) as cantidad
	 from secciones s inner join matriculas m on s.idseccion=m.idseccion 
	 inner join grados g on s.idgrado=g.idgrado
	 group by  g.grado;

create procedure alumnosxperiodo()
select p.periodo	as periodo,
	   count(m.idalumno) as cantidad
	   from periodos p inner join matriculas m on p.idperiodo=m.idperiodo
	   group by p.idperiodo

 
